inst#,actual,predicted,error,prediction
1,1:B,1:B,,0.795
2,1:B,1:B,,0.856
3,1:B,1:B,,0.63
4,1:B,1:B,,0.907
5,1:B,1:B,,0.76
6,1:B,1:B,,0.736
7,1:B,1:B,,0.886
8,2:A,1:B,+,0.59
9,1:B,1:B,,0.775
10,1:B,1:B,,0.79
11,1:B,1:B,,0.698
12,1:B,1:B,,0.761
13,1:B,1:B,,0.782
14,1:B,1:B,,0.82
15,2:A,1:B,+,0.723
16,1:B,1:B,,0.78
17,1:B,1:B,,0.889
18,1:B,1:B,,0.9
19,1:B,1:B,,0.911
20,1:B,1:B,,0.743
21,1:B,1:B,,0.836
22,3:C,1:B,+,0.646
23,1:B,1:B,,0.9
24,1:B,1:B,,0.878
25,1:B,1:B,,0.83
26,3:C,1:B,+,0.666
27,2:A,1:B,+,0.61
28,1:B,1:B,,0.728
29,1:B,1:B,,0.827
30,2:A,1:B,+,0.594
31,1:B,1:B,,0.848
32,1:B,1:B,,0.879
33,1:B,1:B,,0.907
34,1:B,1:B,,0.691
35,1:B,1:B,,0.856
36,1:B,1:B,,0.741
37,3:C,1:B,+,0.516
38,1:B,1:B,,0.704
39,1:B,1:B,,0.792
40,1:B,1:B,,0.791
41,2:A,2:A,,0.6
42,1:B,1:B,,0.808
43,1:B,1:B,,0.746
44,3:C,1:B,+,0.687
45,3:C,1:B,+,0.58
46,1:B,1:B,,0.615
47,1:B,1:B,,0.883
48,1:B,1:B,,0.805
49,3:C,1:B,+,0.837
50,1:B,1:B,,0.847
51,1:B,1:B,,0.693
52,1:B,1:B,,0.732
53,1:B,1:B,,0.845
54,3:C,3:C,,0.601
55,1:B,1:B,,0.911
56,1:B,1:B,,0.616
57,1:B,1:B,,0.863
58,1:B,1:B,,0.83
59,1:B,1:B,,0.779
60,3:C,1:B,+,0.714
61,1:B,1:B,,0.804
62,2:A,1:B,+,0.731
63,2:A,2:A,,0.678
64,2:A,1:B,+,0.807
65,1:B,1:B,,0.762
66,1:B,1:B,,0.916
67,1:B,1:B,,0.847
68,1:B,1:B,,0.904
69,1:B,1:B,,0.928
70,1:B,1:B,,0.902
71,1:B,1:B,,0.783
72,1:B,1:B,,0.864
73,1:B,1:B,,0.877
74,1:B,1:B,,0.895
75,1:B,1:B,,0.758
76,1:B,1:B,,0.845
77,1:B,1:B,,0.907
78,1:B,1:B,,0.861
79,1:B,1:B,,0.848
80,2:A,1:B,+,0.759
81,1:B,1:B,,0.689
82,3:C,3:C,,0.658
83,1:B,1:B,,0.869
84,1:B,1:B,,0.82
85,1:B,1:B,,0.812
86,1:B,1:B,,0.873
87,2:A,1:B,+,0.701
88,1:B,1:B,,0.886
89,1:B,1:B,,0.594
90,3:C,1:B,+,0.608
91,3:C,1:B,+,0.572
92,1:B,1:B,,0.884
93,3:C,1:B,+,0.645
94,1:B,1:B,,0.812
95,1:B,1:B,,0.86
96,3:C,1:B,+,0.785
97,1:B,1:B,,0.769
98,3:C,3:C,,0.737
99,1:B,1:B,,0.571
100,1:B,1:B,,0.811
101,1:B,1:B,,0.901
102,1:B,1:B,,0.767
103,3:C,1:B,+,0.672
104,1:B,3:C,+,0.626
105,1:B,1:B,,0.827
106,1:B,1:B,,0.801
107,1:B,1:B,,0.899
108,1:B,1:B,,0.741
109,2:A,1:B,+,0.683
110,1:B,1:B,,0.914
111,3:C,1:B,+,0.671
112,3:C,3:C,,0.463
113,1:B,1:B,,0.831
114,3:C,1:B,+,0.762
115,1:B,1:B,,0.74
116,1:B,1:B,,0.765
117,1:B,1:B,,0.792
118,3:C,1:B,+,0.561
119,3:C,1:B,+,0.67
120,1:B,1:B,,0.787
121,1:B,1:B,,0.667
122,1:B,1:B,,0.752
123,2:A,1:B,+,0.825
124,1:B,1:B,,0.853
125,3:C,1:B,+,0.561
126,1:B,1:B,,0.864
127,1:B,1:B,,0.822
128,3:C,1:B,+,0.801
129,1:B,1:B,,0.847
130,1:B,1:B,,0.699
131,1:B,1:B,,0.585
132,1:B,1:B,,0.608
133,1:B,1:B,,0.765
134,1:B,1:B,,0.596
135,2:A,1:B,+,0.807
136,1:B,1:B,,0.743
137,1:B,1:B,,0.851
138,1:B,1:B,,0.613
139,1:B,1:B,,0.886
140,1:B,1:B,,0.898
141,1:B,1:B,,0.866
142,1:B,1:B,,0.835
143,4:D,1:B,+,0.472
144,1:B,1:B,,0.812
145,1:B,1:B,,0.837
146,1:B,1:B,,0.76
147,2:A,1:B,+,0.792
148,3:C,1:B,+,0.717
149,3:C,1:B,+,0.608
150,3:C,3:C,,0.689
151,1:B,1:B,,0.81
152,1:B,1:B,,0.848
153,3:C,1:B,+,0.589
154,1:B,1:B,,0.763
155,1:B,1:B,,0.855
156,2:A,1:B,+,0.736
157,1:B,1:B,,0.905
158,1:B,1:B,,0.839
159,1:B,1:B,,0.708
160,3:C,1:B,+,0.526
161,1:B,1:B,,0.754
162,3:C,1:B,+,0.499
163,1:B,1:B,,0.618
164,1:B,1:B,,0.869
165,3:C,3:C,,0.562
166,1:B,1:B,,0.878
167,1:B,1:B,,0.803
168,1:B,1:B,,0.891
169,1:B,1:B,,0.86
170,1:B,1:B,,0.868
171,1:B,1:B,,0.907
172,3:C,1:B,+,0.707
173,1:B,1:B,,0.714
174,1:B,1:B,,0.677
175,3:C,1:B,+,0.501
176,3:C,1:B,+,0.731
177,1:B,1:B,,0.909
178,4:D,1:B,+,0.593
179,1:B,1:B,,0.84
180,2:A,2:A,,0.653
181,1:B,1:B,,0.739
182,1:B,1:B,,0.79
183,3:C,1:B,+,0.478
184,2:A,2:A,,0.488
185,1:B,1:B,,0.916
186,1:B,1:B,,0.927
187,1:B,1:B,,0.783
188,2:A,1:B,+,0.804
189,2:A,1:B,+,0.579
190,1:B,1:B,,0.869
191,1:B,1:B,,0.695
192,1:B,1:B,,0.777
193,2:A,2:A,,0.716
194,1:B,1:B,,0.702
195,1:B,1:B,,0.883
196,1:B,1:B,,0.816
197,1:B,1:B,,0.886
198,3:C,1:B,+,0.526
199,2:A,2:A,,0.848
200,1:B,1:B,,0.748
201,1:B,1:B,,0.769
202,1:B,1:B,,0.627
203,3:C,3:C,,0.668
204,3:C,1:B,+,0.705
205,1:B,1:B,,0.74
206,1:B,1:B,,0.769
207,1:B,1:B,,0.767
208,1:B,1:B,,0.684
209,3:C,1:B,+,0.463
210,1:B,1:B,,0.809
211,1:B,1:B,,0.901
212,3:C,1:B,+,0.755
213,1:B,1:B,,0.808
214,1:B,1:B,,0.889
215,2:A,1:B,+,0.586
216,2:A,2:A,,0.537
217,3:C,3:C,,0.502
218,3:C,1:B,+,0.561
219,1:B,1:B,,0.753
220,1:B,1:B,,0.696
221,1:B,1:B,,0.667
222,3:C,1:B,+,0.502
223,1:B,1:B,,0.804
224,1:B,1:B,,0.843
225,1:B,1:B,,0.884
226,1:B,1:B,,0.75
227,3:C,1:B,+,0.489
228,2:A,2:A,,0.615
229,1:B,1:B,,0.889
230,1:B,1:B,,0.897
231,1:B,1:B,,0.872
232,1:B,1:B,,0.574
233,1:B,1:B,,0.913
234,3:C,1:B,+,0.538
235,3:C,3:C,,0.795
236,3:C,3:C,,0.535
237,3:C,1:B,+,0.665
238,3:C,1:B,+,0.887
239,1:B,1:B,,0.768
240,3:C,3:C,,0.597
241,1:B,1:B,,0.916
242,1:B,1:B,,0.663
243,3:C,3:C,,0.562
244,2:A,1:B,+,0.788
245,1:B,1:B,,0.903
246,1:B,1:B,,0.916
247,1:B,1:B,,0.785
248,1:B,1:B,,0.928
249,3:C,1:B,+,0.519
250,1:B,1:B,,0.92
251,2:A,2:A,,0.874
252,1:B,1:B,,0.884
253,1:B,1:B,,0.576
254,1:B,1:B,,0.846
255,1:B,1:B,,0.923
256,1:B,1:B,,0.902
257,1:B,1:B,,0.893
258,1:B,1:B,,0.796
259,1:B,1:B,,0.812
260,1:B,1:B,,0.851
261,1:B,1:B,,0.507
262,3:C,3:C,,0.678
263,1:B,1:B,,0.773
264,1:B,1:B,,0.84
265,3:C,1:B,+,0.788
266,3:C,1:B,+,0.505
267,1:B,1:B,,0.897
268,1:B,1:B,,0.912
269,3:C,3:C,,0.491
270,1:B,1:B,,0.779
271,1:B,1:B,,0.537
272,1:B,1:B,,0.753
273,1:B,1:B,,0.766
274,1:B,1:B,,0.798
275,1:B,1:B,,0.865
276,1:B,1:B,,0.743
277,1:B,1:B,,0.764
278,1:B,1:B,,0.894
279,1:B,1:B,,0.822
280,3:C,3:C,,0.706
281,3:C,1:B,+,0.603
282,1:B,1:B,,0.925
283,2:A,1:B,+,0.698
284,1:B,1:B,,0.562
285,1:B,1:B,,0.846
286,1:B,1:B,,0.913
287,2:A,2:A,,0.934
288,1:B,1:B,,0.874
289,1:B,1:B,,0.887
290,3:C,1:B,+,0.589
291,3:C,3:C,,0.487
292,1:B,1:B,,0.88
293,3:C,3:C,,0.669
294,1:B,1:B,,0.532
295,3:C,1:B,+,0.81
296,1:B,1:B,,0.787
297,1:B,1:B,,0.722
298,3:C,3:C,,0.705
299,1:B,1:B,,0.562
300,1:B,1:B,,0.786
301,3:C,1:B,+,0.811
302,1:B,1:B,,0.663
303,1:B,1:B,,0.617
304,3:C,3:C,,0.562
305,4:D,1:B,+,0.734
306,3:C,1:B,+,0.631
307,1:B,1:B,,0.705
308,1:B,1:B,,0.786
309,3:C,1:B,+,0.483
310,1:B,1:B,,0.8
311,2:A,1:B,+,0.681
312,2:A,2:A,,0.428
313,3:C,1:B,+,0.585
314,4:D,1:B,+,0.504
315,3:C,1:B,+,0.695
316,1:B,1:B,,0.816
317,1:B,1:B,,0.803
318,3:C,3:C,,0.645
319,1:B,1:B,,0.832
320,1:B,1:B,,0.8
321,1:B,1:B,,0.786
322,1:B,1:B,,0.92
323,1:B,1:B,,0.733
324,1:B,1:B,,0.907
325,1:B,1:B,,0.82
326,1:B,1:B,,0.838
327,3:C,3:C,,0.6
328,1:B,1:B,,0.806
329,1:B,1:B,,0.798
330,1:B,1:B,,0.495
331,3:C,1:B,+,0.589
332,1:B,1:B,,0.831
333,1:B,1:B,,0.87
334,2:A,1:B,+,0.698
335,1:B,1:B,,0.695
336,1:B,1:B,,0.859
337,1:B,1:B,,0.837
338,1:B,1:B,,0.797
339,1:B,1:B,,0.701
340,3:C,1:B,+,0.771
341,1:B,1:B,,0.887
342,1:B,1:B,,0.919
343,1:B,1:B,,0.644
344,1:B,1:B,,0.799
345,1:B,1:B,,0.486
346,1:B,1:B,,0.822
347,1:B,1:B,,0.82
348,3:C,3:C,,0.867
349,1:B,1:B,,0.869
350,3:C,1:B,+,0.616
351,1:B,1:B,,0.771
352,1:B,1:B,,0.896
353,2:A,2:A,,0.641
354,1:B,1:B,,0.885
355,1:B,1:B,,0.781
356,3:C,1:B,+,0.775
357,1:B,1:B,,0.7
358,3:C,3:C,,0.81
359,1:B,1:B,,0.562
360,1:B,1:B,,0.815
361,3:C,1:B,+,0.53
362,1:B,1:B,,0.852
363,2:A,2:A,,0.609
364,1:B,1:B,,0.706
365,1:B,1:B,,0.92
366,1:B,1:B,,0.879
367,1:B,1:B,,0.898
368,3:C,3:C,,0.526
369,3:C,3:C,,0.784
370,1:B,1:B,,0.85
371,1:B,1:B,,0.545
372,3:C,1:B,+,0.675
373,1:B,1:B,,0.794
374,1:B,1:B,,0.658
375,1:B,1:B,,0.873
376,1:B,1:B,,0.896
377,1:B,1:B,,0.881
378,1:B,1:B,,0.77
379,3:C,1:B,+,0.514
380,3:C,1:B,+,0.658
381,3:C,3:C,,0.844
382,1:B,1:B,,0.87
383,1:B,1:B,,0.82
384,1:B,1:B,,0.872
385,4:D,3:C,+,0.676
386,3:C,3:C,,0.784
387,1:B,1:B,,0.625
388,3:C,1:B,+,0.7
389,1:B,1:B,,0.67
390,3:C,1:B,+,0.616
391,3:C,3:C,,0.552
392,1:B,1:B,,0.902
393,1:B,1:B,,0.932
394,3:C,3:C,,0.589
395,1:B,1:B,,0.817
396,1:B,1:B,,0.773
397,3:C,1:B,+,0.556
398,1:B,1:B,,0.813
399,1:B,1:B,,0.892
400,3:C,3:C,,0.427
401,1:B,1:B,,0.789
402,1:B,1:B,,0.863
403,3:C,1:B,+,0.592
404,1:B,1:B,,0.906
405,1:B,1:B,,0.921
406,3:C,1:B,+,0.579
407,1:B,1:B,,0.595
408,1:B,1:B,,0.846
409,1:B,1:B,,0.866
410,1:B,1:B,,0.512
411,1:B,1:B,,0.884
412,1:B,1:B,,0.92
413,1:B,1:B,,0.912
414,1:B,1:B,,0.819
415,1:B,1:B,,0.908
416,1:B,1:B,,0.7
417,1:B,1:B,,0.885
418,1:B,1:B,,0.838
419,1:B,1:B,,0.603
420,1:B,1:B,,0.879
421,1:B,1:B,,0.909
422,1:B,1:B,,0.944
423,1:B,1:B,,0.678
424,1:B,1:B,,0.912
425,1:B,1:B,,0.836
426,1:B,1:B,,0.697
427,2:A,2:A,,0.67
428,2:A,1:B,+,0.684
429,3:C,3:C,,0.625
430,3:C,3:C,,0.763
431,1:B,1:B,,0.848
432,3:C,3:C,,0.577
433,3:C,1:B,+,0.801
434,1:B,1:B,,0.813
435,1:B,1:B,,0.805
436,1:B,3:C,+,0.495
437,1:B,1:B,,0.845
438,1:B,1:B,,0.924
439,3:C,1:B,+,0.533
440,1:B,1:B,,0.897
441,4:D,3:C,+,0.56
442,3:C,1:B,+,0.78
443,1:B,1:B,,0.583
444,3:C,3:C,,0.647
445,1:B,1:B,,0.764
446,1:B,1:B,,0.766
447,3:C,1:B,+,0.577
448,3:C,3:C,,0.655
449,1:B,1:B,,0.905
450,1:B,1:B,,0.849
451,2:A,1:B,+,0.61
452,1:B,1:B,,0.718
453,1:B,1:B,,0.922
454,3:C,3:C,,0.733
455,1:B,1:B,,0.795
456,1:B,1:B,,0.71
457,3:C,3:C,,0.532
458,3:C,3:C,,0.793
459,3:C,1:B,+,0.647
460,1:B,1:B,,0.92
461,1:B,1:B,,0.896
462,1:B,1:B,,0.924
463,3:C,3:C,,0.639
464,1:B,1:B,,0.746
465,3:C,3:C,,0.58
466,1:B,1:B,,0.759
467,3:C,3:C,,0.831
468,1:B,1:B,,0.781
469,1:B,1:B,,0.645
470,3:C,3:C,,0.87
471,3:C,3:C,,0.545
472,1:B,1:B,,0.821
473,1:B,1:B,,0.692
474,1:B,1:B,,0.95
475,1:B,1:B,,0.694
476,1:B,1:B,,0.498
477,3:C,3:C,,0.84
478,3:C,3:C,,0.866
479,1:B,1:B,,0.878
480,3:C,1:B,+,0.786
481,1:B,1:B,,0.865
482,1:B,1:B,,0.75
483,1:B,1:B,,0.812
484,3:C,3:C,,0.511
485,1:B,1:B,,0.871
486,3:C,1:B,+,0.575
487,1:B,1:B,,0.896
488,1:B,1:B,,0.835
489,1:B,3:C,+,0.574
490,1:B,1:B,,0.912
491,1:B,1:B,,0.712
492,1:B,1:B,,0.757
493,3:C,3:C,,0.687
494,1:B,1:B,,0.619
495,1:B,1:B,,0.894
496,1:B,1:B,,0.849
497,3:C,3:C,,0.592
498,3:C,1:B,+,0.499
499,1:B,3:C,+,0.534
500,1:B,1:B,,0.801
501,1:B,1:B,,0.779
502,1:B,1:B,,0.86
503,1:B,1:B,,0.851
504,1:B,1:B,,0.885
505,3:C,3:C,,0.784
506,1:B,1:B,,0.873
507,1:B,1:B,,0.623
508,3:C,1:B,+,0.618
509,4:D,1:B,+,0.757
510,1:B,1:B,,0.724
511,1:B,1:B,,0.871
512,3:C,3:C,,0.553
513,1:B,1:B,,0.826
514,1:B,1:B,,0.743
515,4:D,3:C,+,0.816
516,3:C,3:C,,0.834
517,3:C,3:C,,0.554
518,1:B,1:B,,0.858
519,3:C,1:B,+,0.565
520,1:B,1:B,,0.722
521,1:B,1:B,,0.895
522,1:B,1:B,,0.683
523,1:B,1:B,,0.554
524,3:C,1:B,+,0.737
525,1:B,1:B,,0.728
526,2:A,2:A,,0.521
527,3:C,1:B,+,0.537
528,1:B,1:B,,0.836
529,1:B,1:B,,0.889
530,3:C,3:C,,0.794
531,3:C,3:C,,0.751
532,1:B,1:B,,0.835
533,1:B,1:B,,0.735
534,1:B,1:B,,0.794
535,1:B,1:B,,0.934
536,2:A,1:B,+,0.745
537,1:B,1:B,,0.911
538,1:B,1:B,,0.86
539,1:B,1:B,,0.593
540,2:A,1:B,+,0.72
541,1:B,1:B,,0.688
542,1:B,1:B,,0.647
543,1:B,1:B,,0.86
544,1:B,1:B,,0.728
545,3:C,3:C,,0.538
546,1:B,1:B,,0.801
547,1:B,1:B,,0.891
548,1:B,1:B,,0.815
549,3:C,3:C,,0.574
550,1:B,1:B,,0.77
551,3:C,1:B,+,0.796
552,3:C,3:C,,0.65
553,1:B,1:B,,0.651
554,3:C,3:C,,0.62
555,3:C,1:B,+,0.58
556,1:B,1:B,,0.775
557,3:C,3:C,,0.734
558,3:C,3:C,,0.788
559,3:C,3:C,,0.863
560,3:C,3:C,,0.662
561,1:B,1:B,,0.781
562,1:B,1:B,,0.736
563,3:C,3:C,,0.806
564,1:B,1:B,,0.884
565,3:C,3:C,,0.528
566,1:B,1:B,,0.814
567,3:C,1:B,+,0.652
568,4:D,1:B,+,0.77
569,1:B,1:B,,0.947
570,1:B,1:B,,0.614
571,1:B,1:B,,0.821
572,1:B,1:B,,0.893
573,1:B,1:B,,0.715
574,1:B,1:B,,0.928
575,3:C,1:B,+,0.684
576,2:A,1:B,+,0.559
577,1:B,1:B,,0.71
578,1:B,1:B,,0.897
579,3:C,1:B,+,0.778
580,1:B,1:B,,0.726
581,1:B,1:B,,0.823
582,1:B,1:B,,0.697
583,1:B,1:B,,0.895
584,3:C,3:C,,0.672
585,3:C,3:C,,0.653
586,1:B,1:B,,0.792
587,1:B,1:B,,0.885
588,1:B,1:B,,0.911
589,1:B,1:B,,0.858
590,1:B,1:B,,0.911
591,1:B,1:B,,0.677
592,1:B,1:B,,0.66
593,1:B,1:B,,0.913
594,1:B,1:B,,0.805
595,1:B,1:B,,0.897
596,1:B,1:B,,0.882
597,1:B,1:B,,0.901
598,1:B,1:B,,0.892
599,1:B,1:B,,0.714
600,3:C,1:B,+,0.539
601,1:B,1:B,,0.919
602,3:C,3:C,,0.876
603,1:B,1:B,,0.87
604,3:C,3:C,,0.611
605,1:B,1:B,,0.923
606,1:B,1:B,,0.915
607,3:C,3:C,,0.557
608,2:A,1:B,+,0.799
609,1:B,1:B,,0.773
610,1:B,3:C,+,0.524
611,1:B,1:B,,0.727
612,1:B,1:B,,0.877
613,1:B,1:B,,0.922
614,1:B,1:B,,0.865
615,1:B,1:B,,0.871
616,3:C,3:C,,0.823
617,3:C,1:B,+,0.691
618,1:B,1:B,,0.79
619,1:B,1:B,,0.922
620,1:B,1:B,,0.856
621,3:C,1:B,+,0.677
622,3:C,3:C,,0.669
623,1:B,1:B,,0.696
624,3:C,1:B,+,0.697
625,3:C,3:C,,0.553
626,1:B,1:B,,0.779
627,4:D,1:B,+,0.476
628,1:B,1:B,,0.911
629,1:B,1:B,,0.765
630,1:B,1:B,,0.864
631,3:C,1:B,+,0.624
632,3:C,3:C,,0.737
633,1:B,1:B,,0.88
634,1:B,1:B,,0.947
635,3:C,3:C,,0.603
636,3:C,1:B,+,0.885
637,1:B,1:B,,0.737
638,1:B,1:B,,0.9
639,1:B,1:B,,0.746
640,1:B,1:B,,0.778
641,1:B,1:B,,0.771
642,1:B,1:B,,0.947
643,1:B,1:B,,0.87
644,1:B,1:B,,0.845
645,1:B,1:B,,0.673
646,3:C,1:B,+,0.594
647,1:B,1:B,,0.661
648,3:C,3:C,,0.813
649,3:C,1:B,+,0.679
650,1:B,1:B,,0.784
651,1:B,1:B,,0.914
652,3:C,3:C,,0.571
653,1:B,1:B,,0.788
654,3:C,1:B,+,0.67
655,3:C,3:C,,0.821
656,3:C,1:B,+,0.562
657,4:D,1:B,+,0.522
658,2:A,2:A,,0.784
659,1:B,3:C,+,0.517
660,1:B,1:B,,0.624
661,2:A,1:B,+,0.812
662,1:B,1:B,,0.874
663,1:B,1:B,,0.945
664,3:C,1:B,+,0.514
665,1:B,1:B,,0.891
666,1:B,1:B,,0.645
667,1:B,1:B,,0.857
668,1:B,1:B,,0.641
669,1:B,1:B,,0.947
670,1:B,1:B,,0.887
671,1:B,1:B,,0.665
672,1:B,1:B,,0.865
673,1:B,1:B,,0.808
674,1:B,1:B,,0.811
675,3:C,1:B,+,0.442
676,1:B,1:B,,0.638
677,3:C,3:C,,0.636
678,1:B,1:B,,0.745
679,3:C,3:C,,0.607
680,1:B,1:B,,0.883
681,1:B,1:B,,0.9
682,3:C,3:C,,0.731
683,1:B,1:B,,0.869
684,1:B,1:B,,0.723
685,3:C,1:B,+,0.505
686,1:B,1:B,,0.928
687,1:B,1:B,,0.757
688,1:B,1:B,,0.925
689,3:C,1:B,+,0.504
690,2:A,2:A,,0.535
691,1:B,1:B,,0.855
692,3:C,3:C,,0.572
693,1:B,1:B,,0.519
694,1:B,1:B,,0.907
695,3:C,3:C,,0.64
696,3:C,3:C,,0.625
697,1:B,1:B,,0.697
698,3:C,1:B,+,0.576
699,1:B,1:B,,0.831
700,3:C,3:C,,0.865
701,1:B,1:B,,0.81
702,1:B,1:B,,0.6
703,1:B,1:B,,0.91
704,1:B,1:B,,0.849
705,3:C,3:C,,0.585
706,1:B,3:C,+,0.611
707,1:B,3:C,+,0.736
708,1:B,2:A,+,0.607
709,1:B,1:B,,0.909
710,1:B,1:B,,0.736
711,3:C,3:C,,0.494
712,1:B,1:B,,0.918
713,3:C,3:C,,0.863
714,1:B,1:B,,0.893
715,1:B,1:B,,0.897
716,3:C,1:B,+,0.542
717,1:B,1:B,,0.9
718,1:B,1:B,,0.714
719,1:B,1:B,,0.874
720,3:C,3:C,,0.557
721,1:B,1:B,,0.536
722,3:C,3:C,,0.646
723,1:B,1:B,,0.748
724,1:B,1:B,,0.844
725,1:B,1:B,,0.93
726,1:B,1:B,,0.912
727,1:B,1:B,,0.783
728,1:B,1:B,,0.773
729,1:B,1:B,,0.824
730,1:B,1:B,,0.897
731,1:B,1:B,,0.852
732,1:B,1:B,,0.785
733,3:C,3:C,,0.519
734,1:B,1:B,,0.574
735,1:B,1:B,,0.832
736,1:B,1:B,,0.786
737,1:B,1:B,,0.75
738,3:C,1:B,+,0.726
739,1:B,1:B,,0.857
740,1:B,1:B,,0.794
741,1:B,1:B,,0.814
742,1:B,1:B,,0.884
743,3:C,1:B,+,0.59
744,1:B,1:B,,0.895
745,3:C,1:B,+,0.531
746,1:B,1:B,,0.802
747,3:C,1:B,+,0.573
748,1:B,1:B,,0.825
749,1:B,1:B,,0.737
750,1:B,1:B,,0.813
751,3:C,1:B,+,0.562
752,1:B,1:B,,0.905
753,2:A,1:B,+,0.678
754,1:B,1:B,,0.722
755,1:B,1:B,,0.835
756,1:B,1:B,,0.805
757,1:B,1:B,,0.858
758,1:B,1:B,,0.842
759,3:C,1:B,+,0.602
760,3:C,3:C,,0.852
761,3:C,3:C,,0.534
762,1:B,1:B,,0.654
763,1:B,1:B,,0.87
764,1:B,1:B,,0.799
765,3:C,3:C,,0.733
766,3:C,1:B,+,0.723
767,1:B,1:B,,0.885
768,1:B,1:B,,0.688
769,1:B,1:B,,0.905
770,1:B,1:B,,0.934
771,1:B,1:B,,0.921
772,1:B,1:B,,0.877
773,1:B,1:B,,0.78
774,1:B,1:B,,0.714
775,1:B,1:B,,0.506
776,1:B,1:B,,0.762
777,2:A,1:B,+,0.557
778,3:C,3:C,,0.902
779,1:B,1:B,,0.804
780,1:B,1:B,,0.809
781,3:C,3:C,,0.51
782,1:B,1:B,,0.608
783,1:B,1:B,,0.831
784,1:B,1:B,,0.657
785,3:C,3:C,,0.585
786,1:B,1:B,,0.926
787,1:B,1:B,,0.869
788,2:A,1:B,+,0.662
789,3:C,1:B,+,0.525
790,1:B,1:B,,0.887
791,1:B,1:B,,0.794
792,3:C,3:C,,0.613
793,1:B,1:B,,0.621
794,1:B,1:B,,0.749
795,3:C,3:C,,0.818
796,1:B,1:B,,0.79
797,3:C,1:B,+,0.576
798,1:B,1:B,,0.947
799,3:C,3:C,,0.723
800,3:C,3:C,,0.46
801,1:B,1:B,,0.628
802,3:C,1:B,+,0.527
803,1:B,1:B,,0.798
804,1:B,1:B,,0.807
805,3:C,3:C,,0.534
806,3:C,3:C,,0.719
807,3:C,1:B,+,0.592
808,3:C,3:C,,0.901
809,1:B,1:B,,0.734
810,1:B,1:B,,0.749
811,1:B,1:B,,0.796
812,1:B,1:B,,0.491
813,1:B,1:B,,0.863
814,3:C,1:B,+,0.566
815,1:B,1:B,,0.745
816,3:C,3:C,,0.855
817,3:C,3:C,,0.664
818,3:C,3:C,,0.837
819,1:B,1:B,,0.826
820,3:C,3:C,,0.475
821,1:B,1:B,,0.777
822,1:B,1:B,,0.825
823,1:B,1:B,,0.618
824,3:C,1:B,+,0.719
825,1:B,1:B,,0.595
826,3:C,1:B,+,0.714
827,3:C,3:C,,0.89
828,3:C,3:C,,0.866
829,3:C,3:C,,0.727
830,1:B,1:B,,0.816
831,3:C,3:C,,0.83
832,2:A,1:B,+,0.734
833,1:B,3:C,+,0.538
834,1:B,1:B,,0.878
835,4:D,3:C,+,0.67
836,3:C,3:C,,0.521
837,3:C,3:C,,0.774
838,1:B,1:B,,0.589
839,3:C,1:B,+,0.704
840,3:C,3:C,,0.727
841,1:B,1:B,,0.792
842,3:C,3:C,,0.759
843,3:C,3:C,,0.777
844,3:C,1:B,+,0.5
845,3:C,3:C,,0.534
846,3:C,1:B,+,0.43
847,1:B,1:B,,0.714
848,1:B,1:B,,0.826
849,1:B,1:B,,0.869
850,1:B,1:B,,0.873
851,1:B,1:B,,0.837
852,3:C,3:C,,0.628
853,1:B,1:B,,0.847
854,1:B,1:B,,0.835
855,3:C,1:B,+,0.657
856,1:B,1:B,,0.769
857,2:A,1:B,+,0.812
858,3:C,1:B,+,0.658
859,1:B,1:B,,0.936
860,1:B,1:B,,0.561
861,1:B,1:B,,0.753
862,3:C,3:C,,0.815
863,1:B,1:B,,0.881
864,1:B,1:B,,0.908
865,1:B,1:B,,0.707
866,1:B,1:B,,0.757
867,3:C,1:B,+,0.55
868,3:C,1:B,+,0.62
869,3:C,3:C,,0.799
870,1:B,1:B,,0.919
871,1:B,1:B,,0.759
872,1:B,1:B,,0.94
873,1:B,1:B,,0.874
874,1:B,1:B,,0.909
875,3:C,3:C,,0.53
876,1:B,1:B,,0.671
877,3:C,3:C,,0.783
878,1:B,1:B,,0.904
879,1:B,1:B,,0.923
880,1:B,1:B,,0.727
881,1:B,1:B,,0.779
882,1:B,1:B,,0.516
883,2:A,2:A,,0.676
884,3:C,3:C,,0.537
885,1:B,1:B,,0.836
886,3:C,1:B,+,0.642
887,1:B,1:B,,0.55
888,3:C,1:B,+,0.579
889,1:B,1:B,,0.805
890,1:B,1:B,,0.59
891,1:B,1:B,,0.644
892,3:C,1:B,+,0.761
893,3:C,3:C,,0.54
894,1:B,1:B,,0.785
895,1:B,1:B,,0.815
896,1:B,1:B,,0.904
897,3:C,3:C,,0.837
898,3:C,3:C,,0.572
899,3:C,3:C,,0.854
900,1:B,1:B,,0.897
901,1:B,1:B,,0.74
902,1:B,1:B,,0.842
903,3:C,3:C,,0.612
904,1:B,1:B,,0.887
905,1:B,1:B,,0.784
906,3:C,3:C,,0.784
907,1:B,1:B,,0.819
908,1:B,1:B,,0.922
909,1:B,1:B,,0.808
910,1:B,1:B,,0.917
911,1:B,1:B,,0.908
912,1:B,1:B,,0.928
913,1:B,1:B,,0.882
914,3:C,3:C,,0.83
915,1:B,1:B,,0.909
916,1:B,1:B,,0.533
917,1:B,1:B,,0.683
918,3:C,1:B,+,0.506
919,1:B,1:B,,0.704
920,1:B,1:B,,0.897
921,1:B,1:B,,0.787
922,1:B,3:C,+,0.505
923,1:B,1:B,,0.894
924,1:B,1:B,,0.898
925,1:B,1:B,,0.88
926,3:C,3:C,,0.599
927,1:B,1:B,,0.661
928,3:C,1:B,+,0.564
929,3:C,3:C,,0.679
930,1:B,1:B,,0.77
931,1:B,1:B,,0.718
932,3:C,1:B,+,0.593
933,1:B,1:B,,0.784
934,3:C,1:B,+,0.578
935,1:B,1:B,,0.708
936,1:B,1:B,,0.767
937,4:D,1:B,+,0.7
938,2:A,2:A,,0.5
939,1:B,1:B,,0.783
940,3:C,3:C,,0.545
941,1:B,1:B,,0.748
942,1:B,1:B,,0.852
943,1:B,1:B,,0.666
944,1:B,1:B,,0.493
945,1:B,1:B,,0.79
946,1:B,1:B,,0.829
947,1:B,1:B,,0.779
948,1:B,1:B,,0.691
949,1:B,1:B,,0.823
950,3:C,3:C,,0.528
951,1:B,1:B,,0.867
952,3:C,1:B,+,0.577
953,1:B,1:B,,0.769
954,3:C,3:C,,0.653
955,3:C,3:C,,0.763
956,1:B,1:B,,0.832
957,1:B,1:B,,0.789
958,1:B,1:B,,0.883
959,4:D,3:C,+,0.524
960,3:C,1:B,+,0.545
961,3:C,1:B,+,0.498
962,1:B,1:B,,0.832
963,1:B,3:C,+,0.742
964,1:B,1:B,,0.582
965,3:C,3:C,,0.5
966,1:B,1:B,,0.875
967,3:C,3:C,,0.526
968,1:B,1:B,,0.666
969,3:C,3:C,,0.718
970,3:C,3:C,,0.543
971,1:B,1:B,,0.698
972,1:B,1:B,,0.812
973,2:A,2:A,,0.506
974,1:B,1:B,,0.841
975,2:A,1:B,+,0.71
976,1:B,1:B,,0.87
977,3:C,3:C,,0.601
978,3:C,3:C,,0.6
979,1:B,1:B,,0.696
980,1:B,1:B,,0.831
981,1:B,1:B,,0.806
982,3:C,3:C,,0.56
983,3:C,1:B,+,0.545
984,1:B,1:B,,0.847
985,3:C,1:B,+,0.6
986,3:C,1:B,+,0.548
987,3:C,3:C,,0.506
988,1:B,1:B,,0.925
989,3:C,3:C,,0.841
990,3:C,3:C,,0.867
991,3:C,3:C,,0.504
992,1:B,1:B,,0.829
993,3:C,3:C,,0.853
994,1:B,1:B,,0.765
995,1:B,1:B,,0.806
996,1:B,1:B,,0.733
997,1:B,1:B,,0.782
998,2:A,1:B,+,0.562
999,1:B,1:B,,0.826
1000,3:C,3:C,,0.505
1001,1:B,1:B,,0.842
1002,1:B,1:B,,0.913
1003,3:C,3:C,,0.624
1004,1:B,1:B,,0.708
1005,1:B,1:B,,0.795
1006,1:B,1:B,,0.59
1007,1:B,1:B,,0.627
1008,1:B,1:B,,0.957
1009,1:B,1:B,,0.841
1010,3:C,3:C,,0.606
1011,1:B,1:B,,0.865
1012,1:B,1:B,,0.862
1013,1:B,1:B,,0.717
1014,1:B,1:B,,0.753
1015,3:C,1:B,+,0.793
1016,1:B,1:B,,0.51
1017,1:B,1:B,,0.535
1018,1:B,1:B,,0.71
1019,3:C,3:C,,0.615
1020,1:B,1:B,,0.822
1021,1:B,1:B,,0.872
1022,3:C,1:B,+,0.723
1023,3:C,1:B,+,0.566
1024,1:B,1:B,,0.516
1025,1:B,1:B,,0.875
1026,3:C,3:C,,0.692
1027,2:A,2:A,,0.601
1028,1:B,1:B,,0.711
1029,1:B,1:B,,0.84
1030,1:B,1:B,,0.917
1031,1:B,1:B,,0.909
1032,1:B,1:B,,0.853
1033,2:A,2:A,,0.495
1034,1:B,1:B,,0.698
1035,1:B,1:B,,0.845
1036,1:B,1:B,,0.841
1037,1:B,1:B,,0.835
1038,1:B,1:B,,0.786
1039,1:B,1:B,,0.796
1040,1:B,1:B,,0.832
1041,1:B,1:B,,0.937
1042,2:A,1:B,+,0.688
1043,1:B,1:B,,0.874
1044,1:B,1:B,,0.751
1045,1:B,1:B,,0.954
1046,1:B,1:B,,0.881
1047,1:B,1:B,,0.786
1048,1:B,1:B,,0.525
1049,1:B,1:B,,0.86
1050,1:B,1:B,,0.8
1051,1:B,1:B,,0.87
1052,2:A,1:B,+,0.703
1053,2:A,1:B,+,0.503
1054,2:A,2:A,,0.575
1055,2:A,1:B,+,0.699
1056,1:B,1:B,,0.81
1057,1:B,1:B,,0.916
1058,1:B,1:B,,0.853
1059,1:B,1:B,,0.561
1060,1:B,1:B,,0.88
1061,1:B,1:B,,0.896
1062,1:B,1:B,,0.938
1063,1:B,1:B,,0.853
1064,1:B,1:B,,0.866
1065,3:C,3:C,,0.783
1066,1:B,1:B,,0.501
1067,1:B,1:B,,0.713
1068,1:B,1:B,,0.929
1069,2:A,1:B,+,0.684
1070,1:B,1:B,,0.731
1071,3:C,1:B,+,0.55
1072,3:C,3:C,,0.656
1073,3:C,1:B,+,0.548
1074,1:B,1:B,,0.624
1075,1:B,1:B,,0.893
1076,3:C,1:B,+,0.526
1077,1:B,1:B,,0.916
1078,3:C,3:C,,0.543
1079,3:C,3:C,,0.863
1080,1:B,3:C,+,0.495
1081,1:B,1:B,,0.888
1082,1:B,1:B,,0.612
1083,1:B,1:B,,0.918
1084,1:B,1:B,,0.916
1085,1:B,1:B,,0.809
1086,1:B,1:B,,0.804
1087,3:C,1:B,+,0.523
1088,1:B,1:B,,0.729
1089,1:B,1:B,,0.837
1090,1:B,1:B,,0.875
1091,1:B,1:B,,0.813
1092,1:B,1:B,,0.863
1093,1:B,1:B,,0.792
1094,1:B,1:B,,0.793
1095,3:C,1:B,+,0.671
1096,1:B,1:B,,0.773
1097,1:B,1:B,,0.831
1098,4:D,1:B,+,0.375
1099,1:B,1:B,,0.916
1100,1:B,1:B,,0.643
1101,1:B,1:B,,0.786
1102,1:B,1:B,,0.778
1103,4:D,3:C,+,0.86
1104,1:B,1:B,,0.718
1105,3:C,1:B,+,0.505
1106,2:A,1:B,+,0.573
1107,3:C,3:C,,0.873
1108,1:B,1:B,,0.577
1109,1:B,1:B,,0.874
1110,1:B,1:B,,0.793
1111,1:B,1:B,,0.901
1112,1:B,1:B,,0.871
1113,1:B,1:B,,0.798
1114,3:C,3:C,,0.513
1115,3:C,1:B,+,0.618
1116,3:C,3:C,,0.908
1117,1:B,1:B,,0.863
1118,3:C,3:C,,0.911
1119,1:B,1:B,,0.9
1120,1:B,1:B,,0.585
1121,1:B,1:B,,0.605
1122,3:C,3:C,,0.889
1123,3:C,3:C,,0.589
1124,1:B,1:B,,0.901
1125,3:C,1:B,+,0.571
1126,1:B,1:B,,0.897
1127,3:C,3:C,,0.546
1128,3:C,1:B,+,0.563
1129,1:B,1:B,,0.924
1130,1:B,1:B,,0.845
1131,1:B,1:B,,0.816
1132,1:B,1:B,,0.922
1133,3:C,3:C,,0.856
1134,1:B,1:B,,0.919
1135,3:C,3:C,,0.758
1136,1:B,1:B,,0.84
1137,1:B,1:B,,0.894
1138,1:B,1:B,,0.861
1139,2:A,1:B,+,0.666
1140,3:C,3:C,,0.651
1141,1:B,1:B,,0.846
1142,2:A,2:A,,0.572
1143,1:B,1:B,,0.891
1144,1:B,1:B,,0.942
1145,1:B,1:B,,0.732
1146,3:C,3:C,,0.477
1147,3:C,1:B,+,0.722
1148,3:C,3:C,,0.558
1149,1:B,1:B,,0.92
1150,1:B,1:B,,0.869
1151,1:B,1:B,,0.583
1152,1:B,1:B,,0.922
1153,3:C,3:C,,0.591
1154,1:B,1:B,,0.805
1155,4:D,1:B,+,0.494
1156,3:C,3:C,,0.63
1157,1:B,1:B,,0.821
1158,1:B,1:B,,0.779
1159,1:B,1:B,,0.794
1160,1:B,1:B,,0.65
1161,1:B,1:B,,0.571
1162,3:C,3:C,,0.76
1163,1:B,1:B,,0.928
1164,1:B,1:B,,0.829
1165,3:C,3:C,,0.872
1166,1:B,1:B,,0.875
1167,1:B,1:B,,0.851
1168,3:C,3:C,,0.588
1169,1:B,1:B,,0.557
1170,2:A,1:B,+,0.84
1171,1:B,1:B,,0.892
1172,3:C,3:C,,0.583
1173,1:B,1:B,,0.671
1174,1:B,1:B,,0.85
1175,2:A,1:B,+,0.714
1176,1:B,1:B,,0.742
1177,1:B,1:B,,0.819
1178,1:B,1:B,,0.82
1179,1:B,1:B,,0.879
1180,3:C,1:B,+,0.507
1181,1:B,1:B,,0.771
1182,1:B,1:B,,0.921
1183,1:B,1:B,,0.798
1184,1:B,1:B,,0.93
1185,1:B,1:B,,0.706
1186,3:C,3:C,,0.576
1187,1:B,1:B,,0.683
1188,1:B,1:B,,0.854
1189,1:B,1:B,,0.817
1190,1:B,1:B,,0.83
1191,1:B,1:B,,0.546
1192,3:C,3:C,,0.645
1193,1:B,1:B,,0.746
1194,1:B,1:B,,0.885
1195,1:B,1:B,,0.945
1196,1:B,1:B,,0.892
1197,1:B,1:B,,0.946
1198,3:C,3:C,,0.689
1199,2:A,3:C,+,0.415
1200,1:B,1:B,,0.801
1201,3:C,3:C,,0.845
1202,3:C,3:C,,0.789
1203,3:C,3:C,,0.622
1204,1:B,1:B,,0.816
1205,1:B,1:B,,0.7
1206,1:B,1:B,,0.82
1207,1:B,1:B,,0.778
1208,1:B,1:B,,0.908
1209,3:C,3:C,,0.591
1210,1:B,1:B,,0.932
1211,1:B,1:B,,0.793
1212,3:C,3:C,,0.691
1213,1:B,1:B,,0.699
1214,1:B,1:B,,0.503
1215,1:B,1:B,,0.589
1216,1:B,1:B,,0.954
1217,1:B,1:B,,0.971
1218,1:B,1:B,,0.847
1219,1:B,1:B,,0.956
1220,1:B,1:B,,0.841
1221,3:C,1:B,+,0.776
1222,1:B,1:B,,0.786
1223,3:C,3:C,,0.784
1224,1:B,1:B,,0.821
1225,1:B,1:B,,0.815
1226,1:B,1:B,,0.855
1227,1:B,1:B,,0.821
1228,1:B,1:B,,0.895
1229,2:A,1:B,+,0.536
1230,1:B,1:B,,0.87
1231,1:B,1:B,,0.766
1232,3:C,3:C,,0.833
1233,1:B,1:B,,0.795
1234,4:D,3:C,+,0.449
1235,1:B,1:B,,0.552
1236,1:B,1:B,,0.963
1237,1:B,1:B,,0.568
1238,3:C,1:B,+,0.608
1239,1:B,1:B,,0.852
1240,3:C,3:C,,0.572
1241,1:B,1:B,,0.806
1242,1:B,1:B,,0.918
1243,1:B,1:B,,0.895
1244,1:B,1:B,,0.896
1245,1:B,1:B,,0.903
1246,1:B,1:B,,0.892
1247,1:B,1:B,,0.841
1248,1:B,1:B,,0.917
1249,2:A,1:B,+,0.586
1250,1:B,1:B,,0.606
1251,1:B,1:B,,0.799
1252,1:B,1:B,,0.9
1253,3:C,3:C,,0.756
1254,1:B,1:B,,0.845
1255,3:C,3:C,,0.503
1256,1:B,1:B,,0.806
1257,1:B,1:B,,0.801
1258,3:C,3:C,,0.89
1259,1:B,1:B,,0.702
1260,1:B,1:B,,0.873
1261,3:C,3:C,,0.667
1262,3:C,3:C,,0.809
1263,1:B,1:B,,0.639
1264,1:B,1:B,,0.751
1265,3:C,1:B,+,0.701
1266,1:B,1:B,,0.903
1267,1:B,1:B,,0.883
1268,1:B,1:B,,0.838
1269,2:A,1:B,+,0.587
1270,2:A,1:B,+,0.559
1271,1:B,1:B,,0.922
1272,1:B,1:B,,0.869
1273,1:B,1:B,,0.861
1274,2:A,2:A,,0.879
1275,2:A,2:A,,0.658
1276,1:B,1:B,,0.916
1277,3:C,3:C,,0.786
1278,3:C,3:C,,0.828
1279,3:C,1:B,+,0.466
1280,1:B,1:B,,0.499
1281,1:B,1:B,,0.55
1282,1:B,1:B,,0.897
1283,2:A,1:B,+,0.535
1284,1:B,1:B,,0.66
1285,1:B,1:B,,0.685
1286,3:C,3:C,,0.854
1287,1:B,1:B,,0.761
1288,1:B,1:B,,0.895
1289,1:B,1:B,,0.948
1290,1:B,1:B,,0.821
1291,3:C,3:C,,0.488
1292,1:B,1:B,,0.853
1293,1:B,1:B,,0.8
1294,3:C,3:C,,0.643
1295,1:B,1:B,,0.832
1296,3:C,1:B,+,0.564
1297,2:A,2:A,,0.756
1298,3:C,3:C,,0.892
1299,1:B,1:B,,0.828
1300,2:A,2:A,,0.723
1301,1:B,1:B,,0.699
1302,1:B,1:B,,0.89
1303,1:B,1:B,,0.577
1304,2:A,2:A,,0.727
1305,3:C,3:C,,0.685
1306,3:C,3:C,,0.576
1307,1:B,1:B,,0.912
1308,1:B,1:B,,0.605
1309,3:C,1:B,+,0.529
1310,3:C,3:C,,0.672
1311,1:B,1:B,,0.668
1312,3:C,1:B,+,0.522
1313,3:C,1:B,+,0.636
1314,3:C,3:C,,0.561
1315,3:C,3:C,,0.899
1316,1:B,1:B,,0.792
1317,1:B,1:B,,0.629
1318,3:C,3:C,,0.791
1319,1:B,1:B,,0.877
1320,1:B,1:B,,0.894
1321,3:C,1:B,+,0.524
1322,1:B,1:B,,0.708
1323,4:D,3:C,+,0.583
1324,3:C,3:C,,0.598
1325,2:A,2:A,,0.723
1326,3:C,3:C,,0.855
1327,1:B,1:B,,0.846
1328,1:B,1:B,,0.928
1329,1:B,1:B,,0.867
1330,1:B,1:B,,0.788
1331,1:B,1:B,,0.9
1332,1:B,1:B,,0.949
1333,1:B,1:B,,0.681
1334,1:B,1:B,,0.929
1335,1:B,1:B,,0.625
1336,3:C,3:C,,0.499
1337,1:B,1:B,,0.902
1338,1:B,1:B,,0.536
1339,3:C,3:C,,0.68
1340,3:C,3:C,,0.827
1341,3:C,3:C,,0.806
1342,3:C,3:C,,0.842
1343,3:C,1:B,+,0.767
1344,3:C,3:C,,0.532
1345,3:C,3:C,,0.833
1346,3:C,3:C,,0.848
1347,3:C,3:C,,0.864
1348,3:C,3:C,,0.859
1349,1:B,1:B,,0.887
1350,1:B,3:C,+,0.557
1351,3:C,3:C,,0.575
1352,1:B,1:B,,0.929
1353,1:B,1:B,,0.792
1354,1:B,1:B,,0.75
1355,1:B,1:B,,0.957
1356,1:B,1:B,,0.882
1357,1:B,1:B,,0.816
1358,1:B,1:B,,0.592
1359,2:A,1:B,+,0.481
1360,1:B,1:B,,0.723
1361,1:B,1:B,,0.862
1362,3:C,3:C,,0.83
1363,1:B,1:B,,0.807
1364,3:C,1:B,+,0.575
1365,3:C,1:B,+,0.52
1366,1:B,1:B,,0.848
1367,3:C,3:C,,0.501
1368,1:B,1:B,,0.727
1369,3:C,1:B,+,0.543
1370,3:C,3:C,,0.788
1371,1:B,1:B,,0.914
1372,3:C,3:C,,0.662
1373,3:C,1:B,+,0.545
1374,3:C,3:C,,0.545
1375,4:D,1:B,+,0.496
1376,1:B,1:B,,0.706
1377,1:B,1:B,,0.549
1378,1:B,1:B,,0.749
1379,1:B,1:B,,0.807
1380,1:B,1:B,,0.662
1381,1:B,1:B,,0.904
1382,1:B,1:B,,0.519
1383,1:B,1:B,,0.874
1384,4:D,4:D,,0.388
1385,3:C,1:B,+,0.569
1386,3:C,1:B,+,0.706
1387,1:B,1:B,,0.905
1388,1:B,1:B,,0.882
1389,3:C,3:C,,0.722
1390,1:B,1:B,,0.949
1391,1:B,1:B,,0.811
1392,1:B,1:B,,0.88
1393,1:B,1:B,,0.891
1394,1:B,1:B,,0.827
1395,3:C,3:C,,0.506
1396,3:C,3:C,,0.635
1397,1:B,1:B,,0.784
1398,1:B,1:B,,0.578
1399,1:B,1:B,,0.855
1400,3:C,3:C,,0.848
1401,1:B,1:B,,0.907
1402,1:B,1:B,,0.74
1403,1:B,1:B,,0.831
1404,3:C,3:C,,0.602
1405,1:B,1:B,,0.945
1406,3:C,3:C,,0.707
1407,1:B,3:C,+,0.624
1408,3:C,3:C,,0.622
1409,3:C,1:B,+,0.674
1410,3:C,3:C,,0.644
1411,3:C,3:C,,0.494
1412,4:D,3:C,+,0.551
1413,1:B,1:B,,0.485
1414,3:C,1:B,+,0.697
1415,1:B,1:B,,0.644
1416,2:A,1:B,+,0.526
1417,1:B,1:B,,0.898
1418,1:B,1:B,,0.843
1419,2:A,2:A,,0.517
1420,1:B,1:B,,0.929
1421,1:B,1:B,,0.661
1422,1:B,1:B,,0.755
1423,1:B,1:B,,0.888
1424,1:B,1:B,,0.81
1425,2:A,1:B,+,0.538
1426,1:B,1:B,,0.778
1427,3:C,3:C,,0.557
1428,1:B,1:B,,0.725
1429,1:B,1:B,,0.84
1430,3:C,3:C,,0.803
1431,4:D,1:B,+,0.52
1432,1:B,3:C,+,0.563
1433,3:C,3:C,,0.768
1434,1:B,1:B,,0.845
1435,1:B,1:B,,0.908
1436,1:B,1:B,,0.778
1437,1:B,1:B,,0.695
1438,1:B,1:B,,0.799
1439,1:B,1:B,,0.733
1440,1:B,1:B,,0.819
1441,1:B,1:B,,0.91
1442,1:B,1:B,,0.686
1443,1:B,1:B,,0.908
1444,1:B,1:B,,0.739
1445,1:B,1:B,,0.616
1446,1:B,1:B,,0.941
1447,1:B,1:B,,0.85
1448,3:C,3:C,,0.766
1449,2:A,2:A,,0.688
1450,1:B,1:B,,0.739
1451,3:C,1:B,+,0.692
1452,3:C,2:A,+,0.697
1453,1:B,1:B,,0.883
1454,1:B,1:B,,0.824
1455,1:B,1:B,,0.854
1456,1:B,1:B,,0.782
1457,1:B,1:B,,0.897
1458,1:B,1:B,,0.824
1459,3:C,3:C,,0.611
1460,1:B,1:B,,0.901
1461,1:B,1:B,,0.852
1462,1:B,1:B,,0.916
1463,3:C,3:C,,0.889
1464,1:B,1:B,,0.859
1465,3:C,3:C,,0.776
1466,1:B,1:B,,0.732
1467,4:D,3:C,+,0.485
1468,3:C,3:C,,0.741
1469,4:D,4:D,,0.428
1470,1:B,1:B,,0.952
1471,1:B,1:B,,0.873
1472,1:B,1:B,,0.638
1473,3:C,3:C,,0.69
1474,1:B,1:B,,0.803
1475,3:C,1:B,+,0.667
1476,1:B,1:B,,0.871
1477,1:B,1:B,,0.908
1478,1:B,1:B,,0.938
1479,1:B,1:B,,0.707
1480,3:C,1:B,+,0.645
1481,1:B,1:B,,0.863
1482,3:C,3:C,,0.719
1483,1:B,1:B,,0.703
1484,1:B,1:B,,0.817
1485,1:B,1:B,,0.873
1486,1:B,1:B,,0.646
1487,1:B,1:B,,0.909
1488,4:D,1:B,+,0.678
1489,1:B,1:B,,0.523
1490,1:B,1:B,,0.922
1491,1:B,1:B,,0.752
1492,1:B,1:B,,0.863
1493,3:C,1:B,+,0.647
1494,1:B,1:B,,0.864
1495,1:B,1:B,,0.853
1496,3:C,1:B,+,0.501
1497,1:B,1:B,,0.767
1498,3:C,3:C,,0.829
1499,1:B,1:B,,0.585
1500,3:C,1:B,+,0.732
1501,4:D,1:B,+,0.649
1502,1:B,1:B,,0.754
1503,3:C,1:B,+,0.606
1504,1:B,1:B,,0.714
1505,1:B,1:B,,0.845
1506,3:C,3:C,,0.667
1507,1:B,1:B,,0.696
1508,1:B,1:B,,0.893
1509,2:A,1:B,+,0.53
1510,3:C,1:B,+,0.633
1511,1:B,1:B,,0.928
1512,3:C,3:C,,0.517
1513,1:B,1:B,,0.847
1514,1:B,1:B,,0.7
1515,4:D,3:C,+,0.674
1516,3:C,3:C,,0.592
1517,3:C,3:C,,0.858
1518,3:C,3:C,,0.626
1519,1:B,1:B,,0.465
1520,1:B,1:B,,0.767
1521,4:D,1:B,+,0.644
1522,1:B,1:B,,0.89
1523,2:A,1:B,+,0.641
1524,3:C,1:B,+,0.627
1525,3:C,1:B,+,0.87
1526,1:B,1:B,,0.565
1527,1:B,1:B,,0.951
1528,3:C,3:C,,0.655
1529,1:B,1:B,,0.897
1530,4:D,1:B,+,0.45
1531,1:B,1:B,,0.877
1532,1:B,1:B,,0.762
1533,1:B,1:B,,0.795
1534,3:C,1:B,+,0.506
1535,4:D,1:B,+,0.399
1536,1:B,1:B,,0.843
1537,3:C,3:C,,0.554
1538,1:B,1:B,,0.716
1539,1:B,1:B,,0.956
1540,3:C,3:C,,0.615
1541,4:D,3:C,+,0.399
1542,1:B,3:C,+,0.584
1543,1:B,1:B,,0.891
1544,2:A,1:B,+,0.466
1545,3:C,3:C,,0.675
1546,3:C,3:C,,0.871
1547,1:B,1:B,,0.788
1548,1:B,1:B,,0.638
1549,3:C,1:B,+,0.493
1550,1:B,1:B,,0.949
1551,3:C,1:B,+,0.5
1552,1:B,1:B,,0.523
1553,3:C,3:C,,0.867
1554,1:B,1:B,,0.599
1555,1:B,3:C,+,0.535
1556,1:B,1:B,,0.913
1557,1:B,1:B,,0.818
1558,2:A,1:B,+,0.548
1559,3:C,1:B,+,0.592
1560,1:B,1:B,,0.841
1561,3:C,1:B,+,0.57
1562,3:C,3:C,,0.767
1563,1:B,1:B,,0.883
1564,1:B,1:B,,0.872
1565,1:B,1:B,,0.936
1566,3:C,3:C,,0.617
1567,3:C,1:B,+,0.62
1568,1:B,1:B,,0.744
1569,1:B,1:B,,0.568
1570,1:B,1:B,,0.908
1571,1:B,1:B,,0.8
1572,1:B,1:B,,0.72
1573,3:C,3:C,,0.806
1574,1:B,1:B,,0.92
1575,3:C,3:C,,0.688
1576,3:C,1:B,+,0.642
1577,3:C,3:C,,0.888
1578,3:C,3:C,,0.673
1579,1:B,1:B,,0.818
1580,1:B,1:B,,0.777
1581,1:B,1:B,,0.899
1582,3:C,3:C,,0.568
1583,1:B,1:B,,0.532
1584,1:B,1:B,,0.949
1585,1:B,1:B,,0.8
1586,3:C,3:C,,0.486
1587,1:B,1:B,,0.65
1588,1:B,1:B,,0.781
1589,1:B,1:B,,0.79
1590,1:B,1:B,,0.713
1591,3:C,1:B,+,0.761
1592,1:B,1:B,,0.8
1593,3:C,3:C,,0.742
1594,1:B,1:B,,0.854
1595,1:B,1:B,,0.922
1596,1:B,1:B,,0.707
1597,1:B,3:C,+,0.737
1598,1:B,1:B,,0.804
1599,1:B,1:B,,0.672
1600,1:B,1:B,,0.758
1601,1:B,1:B,,0.722
1602,1:B,1:B,,0.634
1603,5:E,1:B,+,0.427
1604,3:C,3:C,,0.675
1605,3:C,3:C,,0.763
1606,1:B,3:C,+,0.574
1607,1:B,1:B,,0.762
1608,1:B,2:A,+,0.7
1609,4:D,4:D,,0.454
1610,3:C,3:C,,0.762
1611,3:C,3:C,,0.469
1612,3:C,1:B,+,0.73
1613,1:B,1:B,,0.78
1614,3:C,3:C,,0.867
1615,1:B,1:B,,0.807
1616,1:B,1:B,,0.8
1617,1:B,1:B,,0.849
1618,1:B,1:B,,0.838
1619,4:D,1:B,+,0.386
1620,1:B,1:B,,0.746
1621,1:B,1:B,,0.784
1622,1:B,1:B,,0.905
1623,1:B,1:B,,0.916
1624,1:B,1:B,,0.817
1625,1:B,1:B,,0.949
1626,1:B,1:B,,0.905
1627,1:B,1:B,,0.787
1628,2:A,1:B,+,0.746
1629,1:B,1:B,,0.499
1630,3:C,1:B,+,0.667
1631,1:B,1:B,,0.883
1632,1:B,1:B,,0.96
1633,1:B,1:B,,0.854
1634,1:B,1:B,,0.723
1635,1:B,1:B,,0.872
1636,1:B,1:B,,0.52
1637,3:C,1:B,+,0.721
1638,1:B,1:B,,0.732
1639,1:B,1:B,,0.53
1640,1:B,1:B,,0.752
1641,1:B,1:B,,0.745
1642,1:B,1:B,,0.679
1643,3:C,1:B,+,0.543
1644,3:C,3:C,,0.487
1645,1:B,1:B,,0.715
1646,3:C,1:B,+,0.794
1647,3:C,1:B,+,0.648
1648,3:C,1:B,+,0.708
1649,1:B,3:C,+,0.517
1650,3:C,3:C,,0.645
1651,1:B,1:B,,0.76
1652,3:C,3:C,,0.643
1653,1:B,1:B,,0.757
1654,3:C,3:C,,0.499
1655,1:B,1:B,,0.695
1656,1:B,1:B,,0.826
1657,1:B,1:B,,0.665
1658,2:A,1:B,+,0.573
1659,1:B,1:B,,0.876
1660,3:C,3:C,,0.581
1661,1:B,1:B,,0.837
1662,3:C,3:C,,0.705
1663,2:A,2:A,,0.803
1664,2:A,2:A,,0.602
1665,3:C,3:C,,0.643
1666,3:C,3:C,,0.628
1667,1:B,1:B,,0.791
1668,3:C,3:C,,0.518
1669,1:B,1:B,,0.836
1670,1:B,1:B,,0.629
1671,4:D,3:C,+,0.722
1672,1:B,1:B,,0.5
1673,2:A,2:A,,0.546
1674,1:B,1:B,,0.796
1675,1:B,1:B,,0.83
1676,1:B,1:B,,0.56
1677,1:B,1:B,,0.914
1678,1:B,1:B,,0.806
1679,1:B,1:B,,0.509
1680,1:B,1:B,,0.866
1681,3:C,1:B,+,0.604
1682,1:B,1:B,,0.958
1683,1:B,1:B,,0.741
1684,1:B,1:B,,0.772
1685,1:B,1:B,,0.816
1686,1:B,1:B,,0.67
1687,3:C,1:B,+,0.713
1688,1:B,1:B,,0.803
1689,1:B,1:B,,0.656
1690,1:B,1:B,,0.859
1691,1:B,1:B,,0.784
1692,1:B,1:B,,0.745
1693,1:B,1:B,,0.78
1694,1:B,1:B,,0.84
1695,1:B,1:B,,0.834
1696,3:C,3:C,,0.638
1697,4:D,1:B,+,0.604
1698,1:B,1:B,,0.739
1699,3:C,3:C,,0.877
1700,1:B,1:B,,0.813
1701,1:B,1:B,,0.595
1702,1:B,1:B,,0.65
1703,1:B,1:B,,0.913
1704,2:A,2:A,,0.878
1705,4:D,3:C,+,0.8
1706,1:B,1:B,,0.758
1707,1:B,1:B,,0.886
1708,1:B,1:B,,0.832
1709,1:B,1:B,,0.605
1710,1:B,1:B,,0.869
1711,1:B,1:B,,0.789
1712,1:B,1:B,,0.818
1713,3:C,3:C,,0.511
1714,1:B,1:B,,0.929
1715,3:C,3:C,,0.495
1716,1:B,1:B,,0.709
1717,1:B,1:B,,0.909
1718,1:B,1:B,,0.889
1719,3:C,1:B,+,0.531
1720,3:C,3:C,,0.798
1721,2:A,1:B,+,0.732
1722,1:B,1:B,,0.685
1723,3:C,1:B,+,0.73
1724,1:B,1:B,,0.797
1725,1:B,1:B,,0.505
1726,1:B,1:B,,0.891
1727,3:C,1:B,+,0.569
1728,3:C,3:C,,0.769
1729,1:B,1:B,,0.947
1730,1:B,1:B,,0.799
1731,3:C,3:C,,0.628
1732,3:C,3:C,,0.574
1733,1:B,1:B,,0.762
1734,1:B,1:B,,0.509
1735,3:C,3:C,,0.612
1736,1:B,1:B,,0.876
1737,3:C,3:C,,0.618
1738,3:C,3:C,,0.637
1739,1:B,1:B,,0.558
1740,3:C,1:B,+,0.697
1741,1:B,1:B,,0.867
1742,1:B,1:B,,0.876
1743,1:B,1:B,,0.948
1744,1:B,1:B,,0.853
1745,1:B,1:B,,0.813
1746,4:D,1:B,+,0.654
1747,1:B,1:B,,0.816
1748,1:B,1:B,,0.875
1749,1:B,1:B,,0.898
1750,1:B,1:B,,0.7
1751,1:B,1:B,,0.814
1752,1:B,1:B,,0.826
1753,3:C,3:C,,0.484
1754,3:C,3:C,,0.62
1755,1:B,1:B,,0.486
1756,1:B,1:B,,0.889
1757,3:C,3:C,,0.753
1758,1:B,1:B,,0.696
1759,3:C,1:B,+,0.69
1760,1:B,1:B,,0.805
1761,3:C,3:C,,0.523
1762,1:B,1:B,,0.8
1763,1:B,1:B,,0.695
1764,3:C,3:C,,0.497
1765,1:B,1:B,,0.858
1766,1:B,1:B,,0.913
1767,3:C,3:C,,0.61
1768,3:C,3:C,,0.559
1769,1:B,1:B,,0.599
1770,2:A,1:B,+,0.809
1771,1:B,1:B,,0.773
1772,3:C,1:B,+,0.461
1773,3:C,3:C,,0.486
1774,1:B,1:B,,0.79
1775,1:B,1:B,,0.871
1776,2:A,2:A,,0.805
1777,3:C,1:B,+,0.652
1778,1:B,1:B,,0.894
1779,1:B,1:B,,0.875
1780,1:B,1:B,,0.883
1781,1:B,1:B,,0.789
1782,1:B,1:B,,0.818
1783,3:C,3:C,,0.788
1784,1:B,1:B,,0.837
1785,3:C,3:C,,0.567
1786,3:C,3:C,,0.861
1787,1:B,1:B,,0.815
1788,1:B,1:B,,0.571
1789,3:C,1:B,+,0.721
1790,1:B,1:B,,0.701
1791,3:C,3:C,,0.838
1792,1:B,1:B,,0.716
1793,1:B,1:B,,0.629
1794,1:B,1:B,,0.83
1795,3:C,3:C,,0.809
1796,1:B,1:B,,0.922
1797,3:C,3:C,,0.691
1798,4:D,3:C,+,0.452
1799,3:C,3:C,,0.534
1800,1:B,1:B,,0.815
1801,1:B,1:B,,0.758
1802,1:B,1:B,,0.848
1803,3:C,3:C,,0.515
1804,3:C,3:C,,0.622
1805,4:D,3:C,+,0.361
1806,1:B,1:B,,0.891
1807,1:B,1:B,,0.869
1808,4:D,3:C,+,0.507
1809,1:B,1:B,,0.915
1810,1:B,1:B,,0.791
1811,1:B,1:B,,0.854
1812,1:B,1:B,,0.905
1813,3:C,1:B,+,0.475
1814,1:B,1:B,,0.673
1815,3:C,3:C,,0.74
1816,3:C,1:B,+,0.567
1817,1:B,1:B,,0.896
1818,1:B,1:B,,0.915
1819,1:B,1:B,,0.91
1820,1:B,1:B,,0.949
1821,1:B,1:B,,0.692
1822,1:B,1:B,,0.893
1823,2:A,2:A,,0.624
1824,1:B,1:B,,0.858
1825,1:B,1:B,,0.908
1826,1:B,1:B,,0.704
1827,1:B,1:B,,0.772
1828,2:A,1:B,+,0.634
1829,1:B,1:B,,0.773
1830,3:C,3:C,,0.58
1831,3:C,1:B,+,0.774
1832,4:D,3:C,+,0.545
1833,1:B,1:B,,0.784
1834,3:C,3:C,,0.891
1835,1:B,1:B,,0.906
1836,3:C,1:B,+,0.516
1837,3:C,1:B,+,0.638
1838,1:B,1:B,,0.7
1839,3:C,1:B,+,0.511
1840,1:B,1:B,,0.782
1841,1:B,1:B,,0.7
1842,3:C,3:C,,0.823
1843,1:B,1:B,,0.713
1844,3:C,3:C,,0.602
1845,1:B,1:B,,0.715
1846,4:D,1:B,+,0.604
1847,1:B,1:B,,0.801
1848,3:C,3:C,,0.862
1849,3:C,3:C,,0.66
1850,1:B,3:C,+,0.618
1851,4:D,3:C,+,0.688
1852,3:C,3:C,,0.675
1853,1:B,1:B,,0.796
1854,1:B,1:B,,0.887
1855,1:B,1:B,,0.9
1856,1:B,1:B,,0.89
1857,4:D,1:B,+,0.436
1858,1:B,1:B,,0.958
1859,1:B,1:B,,0.904
1860,3:C,3:C,,0.827
1861,1:B,1:B,,0.743
1862,1:B,1:B,,0.64
1863,1:B,2:A,+,0.691
1864,3:C,3:C,,0.635
1865,2:A,2:A,,0.565
1866,1:B,1:B,,0.934
1867,3:C,3:C,,0.766
1868,2:A,2:A,,0.863
1869,1:B,1:B,,0.834
1870,1:B,1:B,,0.512
1871,3:C,3:C,,0.633
1872,1:B,1:B,,0.795
1873,1:B,1:B,,0.814
1874,1:B,1:B,,0.797
1875,3:C,1:B,+,0.55
1876,1:B,1:B,,0.925
1877,1:B,1:B,,0.75
1878,2:A,2:A,,0.546
1879,2:A,2:A,,0.629
1880,1:B,1:B,,0.815
1881,1:B,1:B,,0.766
1882,1:B,1:B,,0.523
1883,3:C,1:B,+,0.624
1884,1:B,1:B,,0.692
1885,2:A,1:B,+,0.496
1886,1:B,1:B,,0.635
1887,1:B,1:B,,0.854
1888,1:B,1:B,,0.76
1889,1:B,1:B,,0.789
1890,1:B,1:B,,0.879
1891,1:B,1:B,,0.892
1892,1:B,1:B,,0.773
1893,3:C,3:C,,0.559
1894,1:B,1:B,,0.914
1895,1:B,1:B,,0.86
1896,3:C,3:C,,0.612
1897,2:A,2:A,,0.669
1898,1:B,1:B,,0.768
1899,3:C,3:C,,0.582
1900,1:B,1:B,,0.912
1901,1:B,1:B,,0.782
1902,1:B,1:B,,0.799
1903,1:B,1:B,,0.836
1904,3:C,3:C,,0.619
1905,1:B,1:B,,0.559
1906,3:C,1:B,+,0.707
1907,1:B,1:B,,0.787
1908,3:C,3:C,,0.671
1909,1:B,1:B,,0.946
1910,2:A,2:A,,0.716
1911,1:B,1:B,,0.792
1912,1:B,1:B,,0.921
1913,1:B,1:B,,0.495
1914,3:C,3:C,,0.613
1915,3:C,1:B,+,0.587
1916,1:B,1:B,,0.916
1917,1:B,1:B,,0.836
1918,3:C,3:C,,0.757
1919,1:B,1:B,,0.723
1920,1:B,1:B,,0.658
1921,1:B,3:C,+,0.611
1922,1:B,1:B,,0.916
1923,1:B,1:B,,0.867
1924,3:C,1:B,+,0.552
1925,3:C,3:C,,0.696
1926,1:B,1:B,,0.818
1927,1:B,1:B,,0.814
1928,1:B,1:B,,0.935
1929,1:B,1:B,,0.861
1930,3:C,3:C,,0.851
1931,1:B,3:C,+,0.771
1932,3:C,3:C,,0.68
1933,1:B,1:B,,0.677
1934,3:C,3:C,,0.453
1935,1:B,1:B,,0.575
1936,1:B,1:B,,0.946
1937,1:B,1:B,,0.553
1938,1:B,1:B,,0.632
1939,3:C,3:C,,0.526
1940,1:B,1:B,,0.803
1941,1:B,1:B,,0.9
1942,1:B,1:B,,0.898
1943,3:C,3:C,,0.607
1944,3:C,3:C,,0.693
1945,2:A,3:C,+,0.335
1946,3:C,3:C,,0.84
1947,1:B,1:B,,0.82
1948,1:B,1:B,,0.857
1949,1:B,3:C,+,0.575
1950,1:B,3:C,+,0.602
1951,3:C,3:C,,0.621
1952,1:B,1:B,,0.828
1953,1:B,1:B,,0.833
1954,3:C,1:B,+,0.702
1955,3:C,3:C,,0.863
1956,3:C,3:C,,0.8
1957,2:A,2:A,,0.691
1958,3:C,3:C,,0.78
1959,2:A,1:B,+,0.67
1960,1:B,1:B,,0.954
1961,1:B,1:B,,0.774
1962,1:B,1:B,,0.811
1963,3:C,3:C,,0.768
1964,3:C,3:C,,0.761
1965,1:B,3:C,+,0.578
1966,3:C,3:C,,0.717
1967,2:A,1:B,+,0.475
1968,3:C,3:C,,0.84
1969,1:B,1:B,,0.915
1970,3:C,3:C,,0.543
1971,1:B,1:B,,0.846
1972,3:C,3:C,,0.733
1973,1:B,1:B,,0.542
1974,1:B,1:B,,0.949
1975,1:B,1:B,,0.831
1976,1:B,1:B,,0.523
1977,3:C,3:C,,0.488
1978,1:B,1:B,,0.752
1979,1:B,1:B,,0.764
1980,1:B,1:B,,0.712
1981,1:B,1:B,,0.841
1982,3:C,3:C,,0.564
1983,1:B,1:B,,0.856
1984,3:C,3:C,,0.47
1985,1:B,1:B,,0.883
1986,2:A,2:A,,0.831
1987,1:B,1:B,,0.74
1988,1:B,1:B,,0.959
1989,1:B,1:B,,0.531
1990,2:A,1:B,+,0.709
1991,1:B,1:B,,0.826
1992,1:B,1:B,,0.755
1993,3:C,3:C,,0.558
1994,1:B,1:B,,0.654
1995,3:C,1:B,+,0.539
1996,3:C,1:B,+,0.576
1997,3:C,3:C,,0.535
1998,1:B,1:B,,0.827
1999,3:C,1:B,+,0.504
2000,3:C,1:B,+,0.639
2001,3:C,1:B,+,0.708
2002,1:B,1:B,,0.829
2003,1:B,1:B,,0.763
2004,2:A,1:B,+,0.731
2005,1:B,1:B,,0.866
2006,1:B,1:B,,0.887
2007,1:B,1:B,,0.531
2008,2:A,2:A,,0.617
2009,1:B,1:B,,0.709
2010,2:A,2:A,,0.713
2011,1:B,1:B,,0.517
2012,2:A,1:B,+,0.75
2013,3:C,3:C,,0.564
2014,3:C,1:B,+,0.627
2015,1:B,1:B,,0.623
2016,3:C,1:B,+,0.553
2017,3:C,1:B,+,0.575
2018,1:B,1:B,,0.741
2019,3:C,1:B,+,0.607
2020,1:B,1:B,,0.866
2021,3:C,3:C,,0.723
2022,1:B,1:B,,0.949
2023,3:C,1:B,+,0.697
2024,1:B,1:B,,0.748
2025,3:C,3:C,,0.54
2026,1:B,1:B,,0.559
2027,3:C,1:B,+,0.729
2028,3:C,3:C,,0.676
2029,3:C,3:C,,0.842
2030,4:D,1:B,+,0.557
2031,3:C,3:C,,0.701
2032,1:B,1:B,,0.876
2033,3:C,3:C,,0.733
2034,1:B,1:B,,0.49
2035,1:B,1:B,,0.877
2036,3:C,3:C,,0.612
2037,1:B,1:B,,0.684
2038,3:C,3:C,,0.643
2039,3:C,3:C,,0.627
2040,3:C,3:C,,0.596
2041,1:B,1:B,,0.914
2042,3:C,3:C,,0.611
2043,2:A,1:B,+,0.705
2044,1:B,1:B,,0.922
2045,3:C,3:C,,0.786
2046,1:B,1:B,,0.734
2047,1:B,1:B,,0.56
2048,4:D,4:D,,0.361
2049,3:C,1:B,+,0.53
2050,1:B,1:B,,0.929
2051,1:B,1:B,,0.806
2052,1:B,1:B,,0.767
2053,1:B,1:B,,0.78
2054,1:B,1:B,,0.841
2055,1:B,1:B,,0.839
2056,1:B,1:B,,0.808
2057,1:B,1:B,,0.801
2058,1:B,1:B,,0.545
2059,3:C,1:B,+,0.499
2060,1:B,1:B,,0.628
2061,1:B,1:B,,0.834
2062,3:C,3:C,,0.637
2063,2:A,1:B,+,0.543
2064,1:B,1:B,,0.948
2065,1:B,1:B,,0.712
2066,1:B,1:B,,0.777
2067,2:A,2:A,,0.852
2068,2:A,1:B,+,0.767
2069,1:B,1:B,,0.805
2070,1:B,1:B,,0.86
2071,4:D,1:B,+,0.593
2072,2:A,2:A,,0.484
2073,1:B,1:B,,0.848
2074,2:A,2:A,,0.858
2075,1:B,1:B,,0.866
2076,3:C,1:B,+,0.68
2077,1:B,1:B,,0.916
2078,3:C,3:C,,0.618
2079,1:B,1:B,,0.808
2080,1:B,1:B,,0.573
2081,1:B,1:B,,0.79
2082,3:C,3:C,,0.635
2083,1:B,1:B,,0.51
2084,1:B,1:B,,0.684
2085,1:B,1:B,,0.814
2086,1:B,1:B,,0.692
2087,4:D,1:B,+,0.422
2088,1:B,3:C,+,0.618
2089,3:C,3:C,,0.568
2090,3:C,1:B,+,0.519
2091,3:C,3:C,,0.765
2092,1:B,1:B,,0.763
2093,1:B,1:B,,0.876
2094,1:B,1:B,,0.579
2095,3:C,1:B,+,0.529
2096,1:B,1:B,,0.953
2097,1:B,1:B,,0.696
2098,1:B,1:B,,0.667
2099,2:A,1:B,+,0.641
2100,1:B,1:B,,0.565
2101,1:B,1:B,,0.581
2102,1:B,1:B,,0.763
2103,2:A,1:B,+,0.553
2104,1:B,3:C,+,0.51
2105,3:C,1:B,+,0.813
2106,1:B,3:C,+,0.474
2107,3:C,3:C,,0.51
2108,1:B,1:B,,0.941
2109,1:B,1:B,,0.733
2110,3:C,3:C,,0.492
2111,1:B,1:B,,0.805
2112,3:C,3:C,,0.599
2113,1:B,1:B,,0.801
2114,1:B,1:B,,0.949
2115,2:A,2:A,,0.527
2116,3:C,3:C,,0.469
2117,1:B,1:B,,0.949
2118,1:B,1:B,,0.915
2119,3:C,1:B,+,0.599
2120,3:C,1:B,+,0.79
2121,1:B,1:B,,0.802
2122,1:B,1:B,,0.894
2123,3:C,3:C,,0.764
2124,1:B,1:B,,0.749
2125,1:B,1:B,,0.754
2126,1:B,1:B,,0.942
2127,2:A,1:B,+,0.51
2128,1:B,1:B,,0.853
2129,1:B,1:B,,0.801
2130,1:B,1:B,,0.846
2131,1:B,1:B,,0.706
2132,3:C,3:C,,0.639
2133,1:B,1:B,,0.881
2134,1:B,1:B,,0.884
2135,2:A,1:B,+,0.849
2136,1:B,1:B,,0.918
2137,1:B,1:B,,0.677
2138,1:B,1:B,,0.685
2139,1:B,1:B,,0.826
2140,1:B,1:B,,0.576
2141,2:A,1:B,+,0.638
2142,1:B,1:B,,0.893
2143,2:A,2:A,,0.657
2144,2:A,2:A,,0.673
2145,1:B,1:B,,0.764
2146,1:B,1:B,,0.73
2147,1:B,1:B,,0.722
2148,1:B,1:B,,0.617
2149,1:B,1:B,,0.958
2150,1:B,1:B,,0.682
2151,1:B,1:B,,0.92
2152,1:B,1:B,,0.933
2153,1:B,1:B,,0.924
2154,1:B,1:B,,0.783
2155,1:B,1:B,,0.919
2156,1:B,1:B,,0.67
2157,1:B,1:B,,0.802
2158,1:B,1:B,,0.834
2159,1:B,1:B,,0.699
2160,1:B,1:B,,0.849
2161,2:A,1:B,+,0.634
2162,1:B,1:B,,0.764
2163,1:B,1:B,,0.648
2164,3:C,3:C,,0.498
2165,3:C,3:C,,0.771
2166,1:B,1:B,,0.77
2167,2:A,1:B,+,0.804
2168,1:B,1:B,,0.953
2169,3:C,3:C,,0.471
2170,1:B,2:A,+,0.64
2171,1:B,1:B,,0.947
2172,1:B,1:B,,0.622
2173,1:B,1:B,,0.667
2174,2:A,2:A,,0.821
2175,1:B,1:B,,0.744
2176,1:B,1:B,,0.807
2177,1:B,1:B,,0.84
2178,3:C,3:C,,0.605
2179,3:C,3:C,,0.73
2180,1:B,1:B,,0.784
2181,1:B,1:B,,0.696
2182,3:C,3:C,,0.692
2183,1:B,1:B,,0.685
2184,1:B,1:B,,0.833
2185,1:B,1:B,,0.576
2186,3:C,3:C,,0.555
2187,1:B,1:B,,0.766
2188,1:B,1:B,,0.89
2189,1:B,1:B,,0.718
2190,2:A,2:A,,0.814
2191,3:C,3:C,,0.765
2192,1:B,1:B,,0.641
2193,1:B,1:B,,0.686
2194,1:B,1:B,,0.627
2195,1:B,1:B,,0.496
2196,1:B,1:B,,0.765
2197,3:C,3:C,,0.492
2198,1:B,1:B,,0.723
2199,1:B,1:B,,0.842
2200,1:B,1:B,,0.892
2201,4:D,1:B,+,0.523
2202,3:C,1:B,+,0.624
2203,1:B,1:B,,0.825
2204,1:B,1:B,,0.863
2205,1:B,1:B,,0.701
2206,3:C,3:C,,0.653
2207,1:B,1:B,,0.62
2208,1:B,1:B,,0.758
2209,1:B,1:B,,0.557
2210,1:B,1:B,,0.731
2211,1:B,1:B,,0.88
2212,1:B,1:B,,0.807
2213,1:B,1:B,,0.626
2214,1:B,1:B,,0.866
2215,1:B,1:B,,0.481
2216,1:B,1:B,,0.705
2217,1:B,1:B,,0.652
2218,3:C,1:B,+,0.662
2219,1:B,1:B,,0.857
2220,3:C,1:B,+,0.709
2221,3:C,3:C,,0.463
2222,1:B,1:B,,0.517
2223,1:B,1:B,,0.89
2224,1:B,1:B,,0.802
2225,1:B,1:B,,0.875
2226,3:C,1:B,+,0.505
2227,1:B,1:B,,0.74
2228,1:B,1:B,,0.888
2229,3:C,1:B,+,0.818
2230,4:D,3:C,+,0.416
2231,1:B,1:B,,0.897
2232,1:B,1:B,,0.789
2233,1:B,1:B,,0.568
2234,1:B,1:B,,0.871
2235,2:A,2:A,,0.683
2236,1:B,1:B,,0.853
2237,2:A,2:A,,0.702
2238,1:B,1:B,,0.846
2239,3:C,1:B,+,0.784
2240,1:B,1:B,,0.649
2241,1:B,3:C,+,0.575
2242,1:B,1:B,,0.828
2243,1:B,1:B,,0.889
2244,3:C,1:B,+,0.644
2245,1:B,1:B,,0.918
2246,3:C,3:C,,0.487
2247,1:B,1:B,,0.665
2248,1:B,1:B,,0.754
2249,1:B,1:B,,0.858
2250,1:B,1:B,,0.702
2251,1:B,1:B,,0.685
2252,1:B,1:B,,0.666
2253,1:B,1:B,,0.708
2254,3:C,3:C,,0.786
2255,1:B,3:C,+,0.504
2256,1:B,1:B,,0.794
2257,3:C,3:C,,0.61
2258,1:B,1:B,,0.844
2259,2:A,1:B,+,0.529
2260,1:B,1:B,,0.62
2261,3:C,3:C,,0.584
2262,1:B,1:B,,0.778
2263,3:C,3:C,,0.68
2264,1:B,1:B,,0.654
2265,1:B,1:B,,0.85
2266,1:B,1:B,,0.944
2267,1:B,1:B,,0.71
2268,3:C,3:C,,0.765
2269,1:B,1:B,,0.836
2270,1:B,1:B,,0.831
2271,1:B,1:B,,0.907
2272,3:C,3:C,,0.573
2273,1:B,1:B,,0.864
2274,1:B,1:B,,0.864
2275,1:B,1:B,,0.794
2276,3:C,1:B,+,0.49
2277,1:B,1:B,,0.857
2278,1:B,1:B,,0.881
2279,1:B,1:B,,0.696
2280,1:B,1:B,,0.718
2281,3:C,3:C,,0.506
2282,3:C,3:C,,0.602
2283,1:B,3:C,+,0.551
2284,3:C,1:B,+,0.84
2285,1:B,1:B,,0.718
2286,1:B,1:B,,0.73
2287,1:B,3:C,+,0.51
2288,3:C,3:C,,0.462
2289,3:C,1:B,+,0.53
2290,2:A,2:A,,0.872
2291,1:B,2:A,+,0.673
2292,1:B,1:B,,0.64
2293,1:B,3:C,+,0.498
2294,1:B,1:B,,0.587
2295,1:B,1:B,,0.755
2296,3:C,1:B,+,0.592
2297,3:C,1:B,+,0.578
2298,1:B,1:B,,0.805
2299,1:B,1:B,,0.735
2300,2:A,2:A,,0.693
2301,3:C,1:B,+,0.718
2302,1:B,1:B,,0.894
2303,1:B,1:B,,0.954
2304,3:C,1:B,+,0.558
2305,1:B,1:B,,0.73
2306,3:C,1:B,+,0.548
2307,1:B,1:B,,0.94
2308,3:C,1:B,+,0.529
2309,3:C,3:C,,0.482
2310,3:C,3:C,,0.547
2311,1:B,1:B,,0.894
2312,1:B,1:B,,0.713
2313,1:B,1:B,,0.526
2314,3:C,3:C,,0.562
2315,1:B,1:B,,0.849
2316,1:B,1:B,,0.645
2317,1:B,1:B,,0.738
2318,1:B,1:B,,0.8
2319,1:B,1:B,,0.76
2320,1:B,1:B,,0.576
2321,1:B,1:B,,0.915
2322,1:B,1:B,,0.632
2323,1:B,1:B,,0.784
2324,1:B,1:B,,0.688
2325,3:C,3:C,,0.709
2326,1:B,1:B,,0.806
2327,1:B,1:B,,0.859
2328,2:A,1:B,+,0.536
2329,3:C,1:B,+,0.796
2330,1:B,1:B,,0.743
2331,1:B,1:B,,0.817
2332,3:C,3:C,,0.582
2333,1:B,1:B,,0.813
2334,1:B,1:B,,0.607
2335,3:C,1:B,+,0.583
2336,3:C,3:C,,0.619
2337,3:C,3:C,,0.619
2338,1:B,1:B,,0.654
2339,1:B,1:B,,0.912
2340,1:B,1:B,,0.835
2341,1:B,1:B,,0.814
2342,3:C,1:B,+,0.513
2343,3:C,3:C,,0.48
2344,3:C,3:C,,0.589
2345,3:C,1:B,+,0.781
2346,1:B,1:B,,0.798
2347,3:C,1:B,+,0.689
2348,3:C,1:B,+,0.726
2349,1:B,1:B,,0.762
2350,1:B,1:B,,0.662
2351,3:C,1:B,+,0.486
2352,1:B,1:B,,0.709
2353,1:B,1:B,,0.603
2354,3:C,3:C,,0.72
2355,1:B,1:B,,0.789
2356,1:B,1:B,,0.839
2357,1:B,1:B,,0.799
2358,1:B,1:B,,0.634
2359,1:B,1:B,,0.721
2360,1:B,1:B,,0.816
2361,1:B,1:B,,0.731
2362,3:C,3:C,,0.681
2363,3:C,3:C,,0.543
2364,3:C,3:C,,0.553
2365,3:C,3:C,,0.701
2366,1:B,1:B,,0.821
2367,1:B,1:B,,0.568
2368,1:B,1:B,,0.762
2369,1:B,1:B,,0.707
2370,1:B,1:B,,0.768
2371,3:C,3:C,,0.518
2372,1:B,1:B,,0.754
2373,1:B,1:B,,0.711
2374,1:B,1:B,,0.827
2375,1:B,1:B,,0.763
2376,3:C,3:C,,0.614
2377,1:B,1:B,,0.701
2378,3:C,3:C,,0.619
2379,1:B,1:B,,0.697
2380,3:C,1:B,+,0.503
2381,1:B,1:B,,0.846
2382,3:C,3:C,,0.591
2383,1:B,1:B,,0.837
2384,1:B,1:B,,0.583
2385,1:B,1:B,,0.778
2386,2:A,1:B,+,0.516
2387,1:B,1:B,,0.749
2388,3:C,3:C,,0.654
2389,1:B,1:B,,0.894
2390,2:A,1:B,+,0.876
2391,3:C,3:C,,0.691
2392,1:B,3:C,+,0.48
2393,1:B,1:B,,0.658
2394,3:C,3:C,,0.641
2395,1:B,1:B,,0.898
2396,3:C,3:C,,0.506
2397,1:B,1:B,,0.926
2398,1:B,1:B,,0.806
2399,1:B,1:B,,0.54
2400,1:B,1:B,,0.857
2401,3:C,1:B,+,0.545
2402,1:B,3:C,+,0.524
2403,1:B,3:C,+,0.513
2404,1:B,1:B,,0.848
2405,1:B,1:B,,0.905
2406,3:C,3:C,,0.651
2407,1:B,1:B,,0.796
2408,4:D,1:B,+,0.499
2409,1:B,1:B,,0.873
2410,3:C,1:B,+,0.572
2411,3:C,1:B,+,0.746
2412,1:B,1:B,,0.791
2413,1:B,1:B,,0.66
2414,1:B,1:B,,0.649
2415,3:C,3:C,,0.627
2416,1:B,1:B,,0.949
2417,1:B,1:B,,0.881
2418,2:A,1:B,+,0.543
2419,1:B,1:B,,0.794
2420,1:B,1:B,,0.597
2421,1:B,1:B,,0.859
2422,1:B,1:B,,0.741
2423,1:B,1:B,,0.752
2424,3:C,1:B,+,0.5
2425,1:B,1:B,,0.769
2426,1:B,1:B,,0.789
2427,4:D,3:C,+,0.433
2428,3:C,1:B,+,0.738
2429,1:B,1:B,,0.682
2430,3:C,3:C,,0.561
2431,1:B,1:B,,0.778
2432,1:B,1:B,,0.752
2433,1:B,1:B,,0.718
2434,1:B,1:B,,0.803
2435,1:B,1:B,,0.836
2436,1:B,1:B,,0.71
2437,1:B,1:B,,0.785
2438,1:B,1:B,,0.784
2439,1:B,1:B,,0.538
2440,1:B,1:B,,0.881
2441,4:D,3:C,+,0.614
2442,1:B,1:B,,0.794
2443,1:B,1:B,,0.847
2444,1:B,3:C,+,0.566
2445,4:D,1:B,+,0.49
2446,3:C,1:B,+,0.442
2447,3:C,1:B,+,0.487
2448,3:C,3:C,,0.508
2449,3:C,3:C,,0.487
2450,3:C,1:B,+,0.7
2451,3:C,3:C,,0.565
2452,4:D,1:B,+,0.545
2453,1:B,1:B,,0.837
2454,3:C,1:B,+,0.569
2455,1:B,1:B,,0.458
2456,3:C,1:B,+,0.476
2457,3:C,1:B,+,0.608
2458,1:B,1:B,,0.933
2459,3:C,3:C,,0.689
2460,1:B,1:B,,0.655
2461,1:B,1:B,,0.655
2462,3:C,3:C,,0.561
2463,4:D,3:C,+,0.619
2464,1:B,1:B,,0.867
2465,3:C,3:C,,0.526
2466,1:B,1:B,,0.791
2467,3:C,3:C,,0.613
2468,1:B,1:B,,0.536
2469,1:B,1:B,,0.591
2470,1:B,1:B,,0.835
2471,1:B,1:B,,0.647
2472,3:C,1:B,+,0.512
2473,1:B,1:B,,0.814
2474,1:B,1:B,,0.683
2475,1:B,1:B,,0.648
2476,3:C,3:C,,0.489
2477,3:C,3:C,,0.532
2478,1:B,1:B,,0.719
2479,1:B,1:B,,0.781
2480,1:B,1:B,,0.718
2481,1:B,1:B,,0.637
2482,1:B,1:B,,0.905
2483,3:C,3:C,,0.479
2484,1:B,1:B,,0.722
2485,1:B,1:B,,0.607
2486,1:B,1:B,,0.709
2487,1:B,2:A,+,0.627
2488,2:A,2:A,,0.496
2489,1:B,1:B,,0.783
2490,1:B,1:B,,0.707
2491,2:A,1:B,+,0.647
2492,1:B,1:B,,0.815
2493,3:C,1:B,+,0.481
2494,1:B,1:B,,0.871
2495,1:B,1:B,,0.861
2496,1:B,1:B,,0.882
2497,1:B,1:B,,0.673
2498,2:A,1:B,+,0.77
2499,1:B,1:B,,0.789
2500,3:C,3:C,,0.581
2501,1:B,3:C,+,0.495
2502,1:B,1:B,,0.843
2503,1:B,1:B,,0.905
2504,1:B,1:B,,0.836
2505,3:C,3:C,,0.672
2506,3:C,3:C,,0.509
2507,1:B,1:B,,0.883
2508,1:B,1:B,,0.908
2509,3:C,3:C,,0.607
2510,1:B,1:B,,0.864
2511,1:B,1:B,,0.613
2512,1:B,1:B,,0.667
2513,1:B,1:B,,0.873
2514,4:D,1:B,+,0.566
2515,3:C,3:C,,0.628
2516,1:B,1:B,,0.506
2517,3:C,1:B,+,0.577
2518,1:B,1:B,,0.537
2519,1:B,1:B,,0.902
2520,1:B,1:B,,0.756
2521,3:C,3:C,,0.52
2522,1:B,1:B,,0.596
2523,1:B,1:B,,0.827
2524,1:B,1:B,,0.723
2525,1:B,1:B,,0.864
2526,1:B,1:B,,0.598
2527,1:B,1:B,,0.621
2528,1:B,1:B,,0.691
2529,1:B,1:B,,0.712
2530,3:C,3:C,,0.632
2531,1:B,1:B,,0.697
2532,1:B,1:B,,0.734
2533,1:B,1:B,,0.718
2534,1:B,1:B,,0.728
2535,3:C,1:B,+,0.583
2536,1:B,1:B,,0.578
2537,1:B,1:B,,0.781
2538,1:B,1:B,,0.824
2539,1:B,1:B,,0.71
2540,1:B,1:B,,0.644
2541,3:C,3:C,,0.649
2542,1:B,1:B,,0.748
2543,1:B,1:B,,0.842
2544,1:B,1:B,,0.802
2545,3:C,3:C,,0.61
2546,3:C,3:C,,0.572
2547,1:B,1:B,,0.555
2548,1:B,1:B,,0.867
2549,1:B,1:B,,0.843
2550,1:B,1:B,,0.668
2551,4:D,1:B,+,0.736
2552,3:C,3:C,,0.638
2553,1:B,1:B,,0.814
2554,1:B,1:B,,0.905
2555,2:A,1:B,+,0.729
2556,1:B,1:B,,0.875
2557,1:B,1:B,,0.868
2558,1:B,1:B,,0.857
2559,1:B,1:B,,0.905
2560,1:B,1:B,,0.734
2561,1:B,1:B,,0.784
2562,1:B,1:B,,0.835
2563,1:B,1:B,,0.813
2564,1:B,2:A,+,0.656
2565,1:B,1:B,,0.861
2566,2:A,2:A,,0.792
2567,1:B,1:B,,0.614
2568,1:B,1:B,,0.755
2569,3:C,1:B,+,0.636
2570,2:A,2:A,,0.872
2571,1:B,1:B,,0.877
2572,1:B,1:B,,0.795
2573,2:A,1:B,+,0.595
2574,1:B,1:B,,0.835
2575,4:D,1:B,+,0.581
2576,1:B,1:B,,0.874
2577,1:B,1:B,,0.908
2578,3:C,3:C,,0.721
2579,1:B,1:B,,0.858
2580,3:C,3:C,,0.526
2581,1:B,1:B,,0.912
2582,1:B,1:B,,0.577
2583,3:C,3:C,,0.524
2584,1:B,3:C,+,0.398
2585,1:B,1:B,,0.894
2586,1:B,1:B,,0.847
2587,1:B,1:B,,0.772
2588,1:B,1:B,,0.869
2589,3:C,3:C,,0.505
2590,1:B,1:B,,0.644
2591,1:B,1:B,,0.61
2592,3:C,3:C,,0.614
2593,1:B,1:B,,0.865
2594,1:B,1:B,,0.884
2595,1:B,3:C,+,0.534
2596,1:B,1:B,,0.877
2597,1:B,1:B,,0.92
2598,1:B,1:B,,0.891
2599,1:B,1:B,,0.676
2600,1:B,1:B,,0.834
2601,1:B,1:B,,0.565
2602,1:B,1:B,,0.809
2603,3:C,3:C,,0.533
2604,3:C,3:C,,0.501
2605,3:C,3:C,,0.497
2606,3:C,1:B,+,0.483
2607,1:B,1:B,,0.826
2608,2:A,2:A,,0.802
2609,1:B,1:B,,0.74
2610,1:B,1:B,,0.875
2611,1:B,1:B,,0.906
2612,1:B,1:B,,0.68
2613,1:B,1:B,,0.736
2614,1:B,1:B,,0.726
2615,1:B,1:B,,0.821
2616,1:B,1:B,,0.651
2617,1:B,1:B,,0.705
2618,3:C,3:C,,0.658
2619,1:B,1:B,,0.788
2620,1:B,1:B,,0.736
2621,1:B,1:B,,0.788
2622,1:B,1:B,,0.678
2623,1:B,1:B,,0.801
2624,3:C,1:B,+,0.508
2625,1:B,1:B,,0.76
2626,1:B,1:B,,0.798
2627,3:C,3:C,,0.544
2628,1:B,1:B,,0.592
2629,1:B,1:B,,0.776
2630,1:B,1:B,,0.891
2631,1:B,1:B,,0.741
2632,1:B,1:B,,0.676
2633,3:C,1:B,+,0.51
2634,2:A,1:B,+,0.602
2635,3:C,1:B,+,0.576
2636,1:B,1:B,,0.875
2637,3:C,3:C,,0.648
2638,3:C,1:B,+,0.653
2639,1:B,1:B,,0.805
2640,2:A,1:B,+,0.607
2641,1:B,1:B,,0.798
2642,3:C,3:C,,0.556
2643,1:B,1:B,,0.533
2644,3:C,1:B,+,0.508
2645,1:B,1:B,,0.724
2646,1:B,1:B,,0.566
2647,1:B,1:B,,0.8
2648,1:B,1:B,,0.53
2649,1:B,1:B,,0.735
2650,3:C,1:B,+,0.51
2651,1:B,1:B,,0.639
2652,1:B,1:B,,0.665
2653,1:B,1:B,,0.558
2654,1:B,1:B,,0.86
2655,1:B,1:B,,0.544
2656,4:D,3:C,+,0.449
2657,1:B,1:B,,0.816
2658,1:B,1:B,,0.791
2659,3:C,1:B,+,0.727
2660,1:B,1:B,,0.836
2661,1:B,1:B,,0.679
2662,3:C,3:C,,0.643
2663,1:B,1:B,,0.848
2664,1:B,1:B,,0.934
2665,3:C,3:C,,0.68
2666,3:C,1:B,+,0.58
2667,2:A,1:B,+,0.656
2668,3:C,1:B,+,0.638
2669,1:B,1:B,,0.816
2670,1:B,1:B,,0.931
2671,1:B,1:B,,0.797
2672,1:B,1:B,,0.907
2673,4:D,3:C,+,0.363
2674,1:B,1:B,,0.777
2675,3:C,1:B,+,0.768
2676,1:B,1:B,,0.846
2677,2:A,2:A,,0.881
2678,1:B,1:B,,0.832
2679,1:B,1:B,,0.486
2680,1:B,1:B,,0.893
2681,1:B,1:B,,0.659
2682,3:C,3:C,,0.588
2683,1:B,1:B,,0.856
2684,1:B,1:B,,0.54
2685,1:B,1:B,,0.807
2686,3:C,3:C,,0.506
2687,1:B,1:B,,0.879
2688,1:B,1:B,,0.784
2689,1:B,1:B,,0.917
2690,1:B,1:B,,0.908
2691,1:B,1:B,,0.915
2692,2:A,2:A,,0.802
2693,1:B,1:B,,0.815
2694,1:B,1:B,,0.808
2695,3:C,3:C,,0.638
2696,1:B,1:B,,0.768
2697,1:B,1:B,,0.71
2698,3:C,3:C,,0.634
2699,1:B,1:B,,0.662
2700,1:B,1:B,,0.713
2701,2:A,1:B,+,0.69
2702,1:B,1:B,,0.769
2703,1:B,1:B,,0.683
2704,1:B,1:B,,0.889
2705,1:B,1:B,,0.816
2706,3:C,1:B,+,0.489
2707,1:B,1:B,,0.881
2708,1:B,1:B,,0.798
2709,1:B,1:B,,0.8
2710,1:B,1:B,,0.891
2711,1:B,1:B,,0.808
2712,1:B,1:B,,0.709
2713,1:B,1:B,,0.517
2714,1:B,1:B,,0.904
2715,1:B,1:B,,0.814
2716,4:D,1:B,+,0.527
2717,1:B,1:B,,0.799
2718,1:B,1:B,,0.778
2719,1:B,1:B,,0.862
2720,1:B,1:B,,0.784
2721,1:B,1:B,,0.876
2722,1:B,1:B,,0.692
2723,1:B,1:B,,0.702
2724,1:B,1:B,,0.516
2725,1:B,1:B,,0.623
2726,1:B,1:B,,0.665
2727,1:B,1:B,,0.73
2728,3:C,3:C,,0.519
2729,1:B,1:B,,0.562
2730,3:C,1:B,+,0.508
2731,1:B,1:B,,0.857
2732,1:B,1:B,,0.722
2733,1:B,1:B,,0.807
2734,1:B,1:B,,0.82
2735,3:C,1:B,+,0.656
2736,4:D,1:B,+,0.497
2737,1:B,1:B,,0.884
2738,1:B,1:B,,0.634
2739,1:B,1:B,,0.769
2740,1:B,1:B,,0.675
2741,1:B,1:B,,0.817
2742,3:C,3:C,,0.656
2743,1:B,1:B,,0.805
2744,1:B,1:B,,0.845
2745,1:B,1:B,,0.837
2746,1:B,1:B,,0.831
2747,3:C,3:C,,0.488
2748,3:C,3:C,,0.625
2749,3:C,1:B,+,0.541
2750,1:B,1:B,,0.715
2751,1:B,1:B,,0.713
2752,1:B,3:C,+,0.486
2753,1:B,1:B,,0.756
2754,3:C,3:C,,0.613
2755,1:B,1:B,,0.575
2756,3:C,3:C,,0.504
2757,1:B,1:B,,0.784
2758,1:B,1:B,,0.694
2759,1:B,1:B,,0.717
2760,3:C,1:B,+,0.74
2761,2:A,2:A,,0.732
2762,1:B,1:B,,0.783
2763,1:B,1:B,,0.468
2764,2:A,2:A,,0.588
2765,3:C,1:B,+,0.559
2766,1:B,1:B,,0.58
2767,1:B,1:B,,0.859
2768,1:B,1:B,,0.846
2769,1:B,1:B,,0.558
2770,1:B,1:B,,0.746
2771,1:B,1:B,,0.754
2772,1:B,1:B,,0.789
2773,3:C,3:C,,0.68
2774,1:B,1:B,,0.861
2775,4:D,1:B,+,0.504
2776,1:B,1:B,,0.856
2777,1:B,1:B,,0.733
2778,1:B,1:B,,0.873
2779,1:B,1:B,,0.633
2780,1:B,1:B,,0.845
2781,1:B,1:B,,0.651
2782,1:B,1:B,,0.806
2783,1:B,1:B,,0.682
2784,1:B,1:B,,0.811
2785,1:B,1:B,,0.765
2786,2:A,1:B,+,0.693
2787,1:B,1:B,,0.624
2788,1:B,1:B,,0.699
2789,1:B,1:B,,0.675
2790,2:A,1:B,+,0.466
2791,1:B,1:B,,0.887
2792,1:B,1:B,,0.848
2793,2:A,2:A,,0.486
2794,1:B,1:B,,0.869
2795,2:A,1:B,+,0.555
2796,1:B,1:B,,0.868
2797,1:B,1:B,,0.817
2798,3:C,3:C,,0.551
2799,1:B,1:B,,0.722
2800,1:B,1:B,,0.797
2801,1:B,1:B,,0.659
2802,1:B,1:B,,0.807
2803,2:A,1:B,+,0.564
2804,3:C,3:C,,0.573
2805,1:B,1:B,,0.696
2806,1:B,1:B,,0.898
2807,1:B,1:B,,0.832
2808,1:B,1:B,,0.654
2809,1:B,1:B,,0.765
2810,3:C,1:B,+,0.84
2811,4:D,3:C,+,0.499
2812,1:B,1:B,,0.549
2813,1:B,1:B,,0.739
2814,1:B,1:B,,0.828
2815,2:A,1:B,+,0.695
2816,1:B,1:B,,0.646
2817,1:B,1:B,,0.68
2818,1:B,1:B,,0.893
2819,3:C,1:B,+,0.594
2820,1:B,1:B,,0.796
2821,1:B,1:B,,0.786
2822,1:B,1:B,,0.873
2823,3:C,3:C,,0.556
2824,1:B,1:B,,0.854
2825,3:C,1:B,+,0.684
2826,1:B,1:B,,0.868
2827,1:B,1:B,,0.781
2828,3:C,3:C,,0.474
2829,1:B,1:B,,0.786
2830,1:B,1:B,,0.514
2831,3:C,3:C,,0.676
2832,1:B,1:B,,0.79
2833,3:C,3:C,,0.614
2834,2:A,1:B,+,0.684
2835,1:B,1:B,,0.718
2836,1:B,1:B,,0.839
2837,3:C,3:C,,0.531
2838,1:B,1:B,,0.725
2839,3:C,3:C,,0.684
2840,1:B,1:B,,0.59
2841,2:A,1:B,+,0.811
2842,1:B,1:B,,0.519
2843,1:B,1:B,,0.865
2844,1:B,1:B,,0.626
2845,4:D,1:B,+,0.536
2846,3:C,3:C,,0.624
2847,1:B,1:B,,0.739
2848,1:B,1:B,,0.728
2849,1:B,1:B,,0.793
2850,1:B,1:B,,0.816
2851,1:B,1:B,,0.743
2852,1:B,1:B,,0.937
2853,3:C,3:C,,0.719
2854,2:A,1:B,+,0.607
2855,1:B,1:B,,0.573
2856,3:C,3:C,,0.501
2857,3:C,3:C,,0.523
2858,1:B,1:B,,0.755
2859,1:B,1:B,,0.538
2860,3:C,1:B,+,0.615
2861,2:A,1:B,+,0.583
2862,1:B,1:B,,0.727
2863,1:B,1:B,,0.837
2864,3:C,3:C,,0.491
2865,1:B,1:B,,0.88
2866,1:B,1:B,,0.728
2867,1:B,1:B,,0.713
2868,1:B,1:B,,0.849
2869,3:C,1:B,+,0.535
2870,1:B,1:B,,0.679
2871,1:B,1:B,,0.571
2872,2:A,1:B,+,0.566
2873,1:B,1:B,,0.722
2874,1:B,1:B,,0.82
2875,4:D,4:D,,0.588
2876,3:C,1:B,+,0.705
2877,1:B,1:B,,0.726
2878,4:D,1:B,+,0.724
2879,2:A,1:B,+,0.821
2880,1:B,1:B,,0.837
2881,3:C,1:B,+,0.574
2882,1:B,1:B,,0.804
2883,1:B,1:B,,0.784
2884,1:B,1:B,,0.899
2885,1:B,1:B,,0.874
2886,1:B,1:B,,0.769
2887,4:D,1:B,+,0.57
2888,1:B,1:B,,0.755
2889,1:B,1:B,,0.541
2890,1:B,1:B,,0.845
2891,1:B,1:B,,0.902
2892,3:C,3:C,,0.681
2893,1:B,1:B,,0.857
2894,1:B,1:B,,0.795
2895,1:B,1:B,,0.831
2896,2:A,1:B,+,0.684
2897,1:B,3:C,+,0.476
2898,3:C,1:B,+,0.497
2899,3:C,3:C,,0.653
2900,1:B,1:B,,0.635
2901,1:B,1:B,,0.738
2902,1:B,1:B,,0.735
2903,1:B,1:B,,0.756
2904,3:C,1:B,+,0.538
2905,1:B,1:B,,0.806
2906,1:B,1:B,,0.849
2907,1:B,1:B,,0.747
2908,1:B,1:B,,0.854
2909,1:B,1:B,,0.844
2910,1:B,1:B,,0.523
2911,1:B,1:B,,0.575
2912,3:C,3:C,,0.647
2913,3:C,1:B,+,0.537
2914,1:B,1:B,,0.593
2915,1:B,1:B,,0.707
2916,1:B,2:A,+,0.507
2917,3:C,1:B,+,0.603
2918,1:B,1:B,,0.893
2919,1:B,1:B,,0.853
2920,3:C,3:C,,0.64
2921,1:B,1:B,,0.949
2922,1:B,1:B,,0.789
2923,3:C,1:B,+,0.552
2924,2:A,1:B,+,0.567
2925,2:A,1:B,+,0.567
2926,3:C,3:C,,0.497
2927,2:A,2:A,,0.555
2928,1:B,1:B,,0.862
2929,1:B,1:B,,0.704
2930,1:B,1:B,,0.876
2931,1:B,1:B,,0.866
2932,3:C,3:C,,0.564
2933,1:B,1:B,,0.797
2934,3:C,3:C,,0.614
2935,1:B,1:B,,0.833
2936,1:B,1:B,,0.896
2937,1:B,1:B,,0.791
2938,1:B,1:B,,0.801
2939,3:C,3:C,,0.579
2940,1:B,1:B,,0.794
2941,1:B,1:B,,0.773
2942,3:C,1:B,+,0.538
2943,1:B,1:B,,0.695
2944,1:B,1:B,,0.733
2945,1:B,1:B,,0.877
2946,1:B,1:B,,0.72
2947,3:C,1:B,+,0.647
2948,1:B,1:B,,0.675
2949,3:C,1:B,+,0.604
2950,3:C,3:C,,0.546
2951,1:B,1:B,,0.832
2952,2:A,1:B,+,0.577
2953,4:D,3:C,+,0.5
2954,1:B,1:B,,0.853
2955,3:C,3:C,,0.533
2956,1:B,1:B,,0.571
2957,1:B,1:B,,0.858
2958,1:B,1:B,,0.781
2959,3:C,3:C,,0.653
2960,1:B,1:B,,0.633
2961,1:B,1:B,,0.871
2962,1:B,1:B,,0.718
2963,1:B,1:B,,0.772
2964,4:D,1:B,+,0.485
2965,1:B,1:B,,0.761
2966,1:B,1:B,,0.508
2967,3:C,3:C,,0.703
2968,3:C,1:B,+,0.533
2969,1:B,1:B,,0.705
2970,1:B,1:B,,0.7
2971,1:B,1:B,,0.787
2972,3:C,3:C,,0.688
2973,1:B,1:B,,0.873
2974,1:B,1:B,,0.718
2975,1:B,1:B,,0.769
2976,1:B,1:B,,0.482
2977,2:A,2:A,,0.791
2978,1:B,1:B,,0.728
2979,1:B,1:B,,0.723
2980,3:C,3:C,,0.737
2981,1:B,1:B,,0.722
2982,1:B,1:B,,0.893
2983,1:B,1:B,,0.789
2984,1:B,1:B,,0.89
2985,1:B,1:B,,0.56
2986,1:B,1:B,,0.864
2987,3:C,1:B,+,0.848
2988,1:B,1:B,,0.864
2989,1:B,1:B,,0.877
2990,1:B,1:B,,0.835
2991,1:B,1:B,,0.633
2992,1:B,1:B,,0.889
2993,1:B,1:B,,0.736
2994,1:B,1:B,,0.66
2995,1:B,1:B,,0.724
2996,3:C,3:C,,0.626
2997,3:C,3:C,,0.664
2998,1:B,1:B,,0.774
2999,1:B,1:B,,0.727
3000,1:B,1:B,,0.772
3001,1:B,1:B,,0.805
3002,1:B,1:B,,0.607
3003,1:B,1:B,,0.682
3004,1:B,1:B,,0.66
3005,1:B,1:B,,0.605
3006,1:B,1:B,,0.562
3007,3:C,3:C,,0.46
3008,1:B,1:B,,0.805
3009,1:B,1:B,,0.616
3010,4:D,1:B,+,0.477
3011,1:B,1:B,,0.742
3012,3:C,1:B,+,0.65
3013,1:B,1:B,,0.81
3014,1:B,1:B,,0.552
3015,1:B,1:B,,0.601
3016,3:C,1:B,+,0.556
3017,3:C,3:C,,0.634
3018,2:A,1:B,+,0.784
3019,1:B,1:B,,0.719
3020,1:B,1:B,,0.574
3021,3:C,3:C,,0.59
3022,3:C,1:B,+,0.468
3023,3:C,1:B,+,0.515
3024,3:C,1:B,+,0.596
3025,1:B,1:B,,0.917
3026,1:B,1:B,,0.61
3027,2:A,1:B,+,0.454
3028,3:C,1:B,+,0.495
3029,4:D,1:B,+,0.544
3030,1:B,1:B,,0.709
3031,1:B,1:B,,0.582
3032,2:A,1:B,+,0.776
3033,1:B,1:B,,0.752
3034,3:C,1:B,+,0.549
3035,1:B,1:B,,0.75
3036,1:B,1:B,,0.716
3037,1:B,1:B,,0.888
3038,1:B,1:B,,0.596
3039,3:C,1:B,+,0.513
3040,3:C,1:B,+,0.724
3041,1:B,1:B,,0.783
3042,3:C,1:B,+,0.624
3043,3:C,1:B,+,0.474
3044,4:D,4:D,,0.512
3045,1:B,1:B,,0.707
3046,1:B,1:B,,0.6
3047,3:C,3:C,,0.62
3048,1:B,1:B,,0.79
3049,1:B,1:B,,0.523
3050,3:C,1:B,+,0.596
3051,1:B,1:B,,0.758
3052,1:B,1:B,,0.602
3053,3:C,1:B,+,0.714
3054,1:B,1:B,,0.917
3055,1:B,1:B,,0.789
3056,1:B,1:B,,0.871
3057,1:B,1:B,,0.91
3058,1:B,1:B,,0.689
3059,1:B,1:B,,0.846
3060,2:A,1:B,+,0.665
3061,1:B,1:B,,0.615
3062,1:B,1:B,,0.872
3063,1:B,1:B,,0.901
3064,3:C,3:C,,0.665
3065,2:A,1:B,+,0.573
3066,1:B,1:B,,0.809
3067,1:B,1:B,,0.787
3068,1:B,1:B,,0.818
3069,1:B,1:B,,0.712
3070,1:B,1:B,,0.879
3071,1:B,1:B,,0.798
3072,1:B,1:B,,0.791
3073,1:B,1:B,,0.855
3074,1:B,1:B,,0.784
3075,1:B,1:B,,0.723
3076,3:C,1:B,+,0.702
3077,3:C,1:B,+,0.717
3078,2:A,2:A,,0.795
3079,3:C,3:C,,0.627
3080,1:B,1:B,,0.626
3081,2:A,2:A,,0.569
3082,2:A,1:B,+,0.601
3083,3:C,1:B,+,0.558
3084,1:B,1:B,,0.875
3085,1:B,1:B,,0.723
3086,1:B,1:B,,0.799
3087,1:B,1:B,,0.782
3088,1:B,1:B,,0.844
3089,1:B,1:B,,0.794
3090,3:C,3:C,,0.539
3091,3:C,3:C,,0.508
3092,2:A,1:B,+,0.684
3093,1:B,1:B,,0.56
3094,1:B,1:B,,0.814
3095,1:B,1:B,,0.88
3096,1:B,1:B,,0.738
3097,3:C,3:C,,0.454
3098,2:A,1:B,+,0.448
3099,1:B,1:B,,0.845
3100,2:A,1:B,+,0.759
3101,1:B,1:B,,0.794
3102,1:B,1:B,,0.741
3103,1:B,1:B,,0.921
3104,3:C,3:C,,0.536
3105,1:B,1:B,,0.93
3106,3:C,3:C,,0.587
3107,1:B,1:B,,0.675
3108,1:B,1:B,,0.706
3109,3:C,1:B,+,0.706
3110,1:B,1:B,,0.816
3111,1:B,1:B,,0.742
3112,1:B,1:B,,0.837
3113,1:B,1:B,,0.72
3114,2:A,2:A,,0.688
3115,3:C,1:B,+,0.548
3116,3:C,1:B,+,0.579
3117,2:A,2:A,,0.855
3118,1:B,1:B,,0.862
3119,3:C,1:B,+,0.527
3120,3:C,1:B,+,0.53
3121,3:C,3:C,,0.675
3122,1:B,1:B,,0.634
3123,1:B,1:B,,0.833
3124,3:C,3:C,,0.728
3125,3:C,1:B,+,0.469
3126,3:C,3:C,,0.848
3127,1:B,1:B,,0.85
3128,3:C,3:C,,0.657
3129,1:B,1:B,,0.935
3130,1:B,1:B,,0.844
3131,1:B,3:C,+,0.585
3132,1:B,1:B,,0.912
3133,1:B,1:B,,0.809
3134,4:D,4:D,,0.395
3135,1:B,1:B,,0.723
3136,1:B,1:B,,0.687
3137,3:C,3:C,,0.72
3138,1:B,1:B,,0.695
3139,1:B,1:B,,0.663
3140,1:B,1:B,,0.649
3141,1:B,1:B,,0.646
3142,2:A,1:B,+,0.613
3143,3:C,3:C,,0.518
3144,1:B,1:B,,0.714
3145,3:C,1:B,+,0.552
3146,1:B,1:B,,0.692
3147,3:C,3:C,,0.534
3148,1:B,1:B,,0.767
3149,1:B,1:B,,0.756
3150,1:B,1:B,,0.778
3151,3:C,1:B,+,0.502
3152,1:B,1:B,,0.764
3153,1:B,1:B,,0.559
3154,1:B,1:B,,0.826
3155,1:B,1:B,,0.709
3156,3:C,1:B,+,0.472
3157,1:B,1:B,,0.945
3158,3:C,3:C,,0.674
3159,1:B,1:B,,0.764
3160,1:B,1:B,,0.619
3161,3:C,3:C,,0.618
3162,1:B,1:B,,0.829
3163,1:B,1:B,,0.891
3164,1:B,1:B,,0.731
3165,1:B,1:B,,0.517
3166,1:B,1:B,,0.793
3167,3:C,1:B,+,0.617
3168,1:B,1:B,,0.632
3169,1:B,1:B,,0.61
3170,3:C,1:B,+,0.526
3171,1:B,1:B,,0.613
3172,3:C,1:B,+,0.421
3173,1:B,1:B,,0.503
3174,3:C,3:C,,0.523
3175,1:B,1:B,,0.868
3176,2:A,1:B,+,0.513
3177,2:A,2:A,,0.872
3178,1:B,1:B,,0.663
3179,1:B,1:B,,0.802
3180,1:B,3:C,+,0.53
3181,1:B,1:B,,0.779
3182,1:B,1:B,,0.729
3183,1:B,1:B,,0.842
3184,1:B,1:B,,0.691
3185,1:B,1:B,,0.806
3186,1:B,1:B,,0.908
3187,1:B,1:B,,0.869
3188,2:A,1:B,+,0.639
3189,1:B,1:B,,0.768
3190,1:B,1:B,,0.662
3191,1:B,1:B,,0.596
3192,4:D,3:C,+,0.491
3193,1:B,1:B,,0.82
3194,1:B,2:A,+,0.639
3195,1:B,1:B,,0.517
3196,1:B,1:B,,0.872
3197,2:A,1:B,+,0.604
3198,1:B,1:B,,0.789
3199,1:B,1:B,,0.854
3200,1:B,1:B,,0.839
3201,4:D,4:D,,0.486
3202,1:B,1:B,,0.604
3203,1:B,1:B,,0.874
3204,2:A,2:A,,0.743
3205,1:B,1:B,,0.805
3206,3:C,3:C,,0.563
3207,3:C,3:C,,0.516
3208,4:D,1:B,+,0.484
3209,1:B,1:B,,0.749
3210,1:B,1:B,,0.803
3211,1:B,1:B,,0.598
3212,1:B,1:B,,0.621
3213,3:C,3:C,,0.619
3214,3:C,1:B,+,0.706
3215,1:B,1:B,,0.553
3216,1:B,1:B,,0.702
3217,3:C,3:C,,0.495
3218,2:A,2:A,,0.635
3219,4:D,1:B,+,0.477
3220,3:C,1:B,+,0.501
3221,4:D,1:B,+,0.516
3222,1:B,1:B,,0.635
3223,1:B,1:B,,0.77
3224,1:B,1:B,,0.664
3225,1:B,1:B,,0.676
3226,2:A,2:A,,0.876
3227,1:B,1:B,,0.817
3228,1:B,1:B,,0.748
3229,1:B,1:B,,0.637
3230,2:A,1:B,+,0.544
3231,1:B,1:B,,0.674
3232,1:B,1:B,,0.702
3233,3:C,3:C,,0.476
3234,1:B,1:B,,0.798
3235,2:A,2:A,,0.898
3236,2:A,1:B,+,0.808
3237,1:B,1:B,,0.559
3238,1:B,1:B,,0.874
3239,1:B,1:B,,0.725
3240,1:B,1:B,,0.953
3241,1:B,1:B,,0.831
3242,2:A,2:A,,0.695
3243,2:A,1:B,+,0.609
3244,1:B,1:B,,0.718
3245,3:C,3:C,,0.51
3246,2:A,1:B,+,0.567
3247,1:B,1:B,,0.825
3248,3:C,3:C,,0.556
3249,1:B,1:B,,0.851
3250,3:C,1:B,+,0.554
3251,3:C,1:B,+,0.822
3252,2:A,1:B,+,0.604
3253,1:B,1:B,,0.592
3254,3:C,1:B,+,0.581
3255,3:C,3:C,,0.582
3256,2:A,1:B,+,0.501
3257,3:C,1:B,+,0.585
3258,1:B,1:B,,0.777
3259,3:C,3:C,,0.522
3260,1:B,1:B,,0.833
3261,1:B,1:B,,0.845
3262,1:B,1:B,,0.661
3263,1:B,1:B,,0.824
3264,1:B,1:B,,0.797
3265,2:A,1:B,+,0.564
3266,3:C,3:C,,0.644
3267,1:B,1:B,,0.526
3268,1:B,1:B,,0.818
3269,1:B,1:B,,0.745
3270,4:D,4:D,,0.425
3271,1:B,1:B,,0.694
3272,1:B,1:B,,0.47
3273,1:B,1:B,,0.636
3274,1:B,1:B,,0.875
3275,1:B,1:B,,0.727
3276,3:C,3:C,,0.65
3277,1:B,1:B,,0.645
3278,1:B,1:B,,0.629
3279,3:C,1:B,+,0.5
3280,3:C,3:C,,0.504
3281,1:B,1:B,,0.603
3282,3:C,1:B,+,0.667
3283,1:B,1:B,,0.901
3284,1:B,1:B,,0.762
3285,1:B,1:B,,0.832
3286,1:B,1:B,,0.72
3287,3:C,1:B,+,0.713
3288,2:A,2:A,,0.594
3289,1:B,1:B,,0.805
3290,3:C,1:B,+,0.532
3291,1:B,1:B,,0.594
3292,1:B,1:B,,0.498
3293,3:C,3:C,,0.627
3294,3:C,1:B,+,0.644
3295,3:C,3:C,,0.698
3296,1:B,1:B,,0.776
3297,3:C,1:B,+,0.459
3298,1:B,1:B,,0.928
3299,1:B,1:B,,0.74
3300,1:B,1:B,,0.801
3301,3:C,3:C,,0.585
3302,3:C,1:B,+,0.585
3303,1:B,1:B,,0.49
3304,3:C,3:C,,0.565
3305,1:B,1:B,,0.526
3306,3:C,3:C,,0.504
3307,3:C,3:C,,0.553
3308,3:C,3:C,,0.559
3309,3:C,1:B,+,0.604
3310,1:B,1:B,,0.67
3311,3:C,3:C,,0.678
3312,3:C,3:C,,0.53
3313,4:D,3:C,+,0.385
3314,1:B,1:B,,0.801
3315,1:B,1:B,,0.889
3316,1:B,1:B,,0.576
3317,2:A,1:B,+,0.729
3318,1:B,1:B,,0.864
3319,1:B,1:B,,0.699
3320,1:B,1:B,,0.626
3321,1:B,1:B,,0.821
3322,1:B,1:B,,0.735
3323,1:B,1:B,,0.683
3324,1:B,1:B,,0.884
3325,2:A,2:A,,0.559
3326,3:C,3:C,,0.49
3327,2:A,1:B,+,0.637
3328,3:C,3:C,,0.623
3329,2:A,1:B,+,0.732
3330,1:B,1:B,,0.856
3331,1:B,1:B,,0.816
3332,3:C,1:B,+,0.485
3333,1:B,1:B,,0.774
3334,1:B,1:B,,0.638
3335,1:B,1:B,,0.821
3336,3:C,1:B,+,0.676
3337,1:B,1:B,,0.714
3338,1:B,1:B,,0.771
3339,1:B,1:B,,0.637
3340,1:B,1:B,,0.754
3341,1:B,1:B,,0.68
3342,1:B,1:B,,0.722
3343,2:A,1:B,+,0.625
3344,1:B,1:B,,0.852
3345,3:C,3:C,,0.652
3346,3:C,1:B,+,0.539
3347,1:B,1:B,,0.919
3348,3:C,1:B,+,0.635
3349,1:B,1:B,,0.639
3350,1:B,1:B,,0.851
3351,1:B,1:B,,0.878
3352,1:B,1:B,,0.668
3353,1:B,1:B,,0.742
3354,1:B,3:C,+,0.502
3355,1:B,1:B,,0.759
3356,1:B,1:B,,0.808
3357,1:B,1:B,,0.86
3358,1:B,1:B,,0.766
3359,1:B,1:B,,0.889
3360,1:B,1:B,,0.865
3361,1:B,1:B,,0.615
3362,3:C,1:B,+,0.477
3363,1:B,1:B,,0.732
3364,1:B,1:B,,0.688
3365,1:B,1:B,,0.809
3366,1:B,1:B,,0.755
3367,3:C,3:C,,0.693
3368,3:C,3:C,,0.612
3369,1:B,1:B,,0.479
3370,3:C,1:B,+,0.431
3371,1:B,1:B,,0.706
3372,3:C,1:B,+,0.702
3373,1:B,1:B,,0.752
3374,1:B,1:B,,0.586
3375,4:D,1:B,+,0.759
3376,1:B,1:B,,0.712
3377,3:C,3:C,,0.452
3378,3:C,1:B,+,0.605
3379,1:B,1:B,,0.836
3380,1:B,1:B,,0.837
3381,1:B,1:B,,0.838
3382,3:C,1:B,+,0.553
3383,3:C,1:B,+,0.479
3384,3:C,1:B,+,0.654
3385,3:C,3:C,,0.501
3386,1:B,1:B,,0.819
3387,3:C,3:C,,0.6
3388,3:C,1:B,+,0.559
3389,1:B,1:B,,0.552
3390,2:A,2:A,,0.432
3391,1:B,1:B,,0.787
3392,1:B,1:B,,0.693
3393,1:B,1:B,,0.766
3394,1:B,1:B,,0.647
3395,1:B,1:B,,0.548
3396,3:C,3:C,,0.614
3397,3:C,1:B,+,0.444
3398,3:C,1:B,+,0.68
3399,1:B,1:B,,0.833
3400,1:B,1:B,,0.832
3401,1:B,1:B,,0.822
3402,1:B,1:B,,0.839
3403,1:B,1:B,,0.736
3404,1:B,1:B,,0.833
3405,3:C,1:B,+,0.481
3406,2:A,2:A,,0.615
3407,2:A,1:B,+,0.728
3408,1:B,1:B,,0.759
3409,1:B,1:B,,0.747
3410,1:B,1:B,,0.626
3411,2:A,2:A,,0.675
3412,1:B,1:B,,0.867
3413,1:B,1:B,,0.761
3414,2:A,1:B,+,0.53
3415,1:B,1:B,,0.62
3416,2:A,1:B,+,0.671
3417,1:B,1:B,,0.749
3418,1:B,1:B,,0.856
3419,1:B,1:B,,0.949
3420,3:C,3:C,,0.67
3421,3:C,1:B,+,0.527
3422,2:A,1:B,+,0.63
3423,1:B,1:B,,0.816
3424,2:A,1:B,+,0.652
3425,4:D,1:B,+,0.793
3426,2:A,1:B,+,0.68
3427,1:B,1:B,,0.87
3428,1:B,1:B,,0.62
3429,1:B,1:B,,0.723
3430,1:B,3:C,+,0.503
3431,1:B,1:B,,0.64
3432,1:B,1:B,,0.508
3433,3:C,3:C,,0.552
3434,1:B,1:B,,0.54
3435,3:C,1:B,+,0.52
3436,1:B,1:B,,0.638
3437,4:D,1:B,+,0.653
3438,1:B,1:B,,0.657
3439,1:B,3:C,+,0.541
3440,3:C,1:B,+,0.633
3441,1:B,1:B,,0.764
3442,3:C,1:B,+,0.483
3443,3:C,1:B,+,0.536
3444,3:C,3:C,,0.491
3445,1:B,1:B,,0.556
3446,3:C,1:B,+,0.493
3447,1:B,1:B,,0.657
3448,3:C,3:C,,0.859
3449,1:B,1:B,,0.536
3450,1:B,1:B,,0.503
3451,3:C,1:B,+,0.505
3452,1:B,1:B,,0.821
3453,1:B,1:B,,0.614
3454,1:B,1:B,,0.605
3455,3:C,1:B,+,0.486
3456,3:C,3:C,,0.444
3457,1:B,1:B,,0.707
3458,3:C,3:C,,0.607
3459,1:B,1:B,,0.65
3460,1:B,1:B,,0.764
3461,3:C,3:C,,0.534
3462,1:B,3:C,+,0.631
3463,1:B,1:B,,0.702
3464,1:B,1:B,,0.647
3465,3:C,1:B,+,0.488
3466,1:B,1:B,,0.504
3467,1:B,1:B,,0.731
3468,3:C,1:B,+,0.621
3469,3:C,1:B,+,0.562
3470,4:D,1:B,+,0.479
3471,4:D,1:B,+,0.443
3472,1:B,1:B,,0.628
3473,1:B,1:B,,0.581
3474,3:C,3:C,,0.605
3475,1:B,1:B,,0.78
3476,2:A,1:B,+,0.767
3477,3:C,3:C,,0.551
3478,3:C,1:B,+,0.505
3479,1:B,1:B,,0.74
3480,1:B,1:B,,0.822
3481,1:B,1:B,,0.671
3482,1:B,1:B,,0.518
3483,1:B,1:B,,0.826
3484,2:A,1:B,+,0.582
3485,2:A,1:B,+,0.496
3486,1:B,1:B,,0.766
3487,1:B,1:B,,0.725
3488,1:B,1:B,,0.838
3489,1:B,1:B,,0.676
3490,3:C,1:B,+,0.672
3491,1:B,1:B,,0.837
3492,1:B,3:C,+,0.645
3493,1:B,1:B,,0.948
3494,1:B,1:B,,0.556
3495,3:C,1:B,+,0.642
3496,2:A,1:B,+,0.481
3497,1:B,1:B,,0.845
3498,1:B,1:B,,0.71
3499,3:C,3:C,,0.615
3500,1:B,1:B,,0.808
3501,1:B,1:B,,0.661
3502,1:B,1:B,,0.922
3503,1:B,1:B,,0.841
3504,1:B,1:B,,0.739
3505,1:B,1:B,,0.799
3506,1:B,1:B,,0.915
3507,1:B,1:B,,0.705
3508,1:B,1:B,,0.796
3509,3:C,3:C,,0.671
3510,1:B,1:B,,0.713
3511,3:C,3:C,,0.488
3512,1:B,1:B,,0.701
3513,1:B,1:B,,0.782
3514,3:C,1:B,+,0.544
3515,4:D,1:B,+,0.4
3516,1:B,1:B,,0.732
3517,1:B,1:B,,0.635
3518,2:A,1:B,+,0.605
3519,1:B,1:B,,0.799
3520,1:B,1:B,,0.742
3521,3:C,3:C,,0.463
3522,2:A,1:B,+,0.425
3523,1:B,1:B,,0.863
3524,1:B,1:B,,0.939
3525,1:B,1:B,,0.654
3526,1:B,1:B,,0.621
3527,1:B,1:B,,0.873
3528,1:B,1:B,,0.856
3529,3:C,1:B,+,0.596
3530,1:B,1:B,,0.841
3531,3:C,1:B,+,0.433
3532,1:B,1:B,,0.638
3533,1:B,1:B,,0.741
3534,1:B,1:B,,0.531
3535,2:A,1:B,+,0.694
3536,1:B,1:B,,0.643
3537,1:B,1:B,,0.62
3538,1:B,1:B,,0.65
3539,1:B,1:B,,0.787
3540,3:C,1:B,+,0.63
3541,1:B,1:B,,0.826
3542,1:B,1:B,,0.668
3543,3:C,1:B,+,0.678
3544,1:B,1:B,,0.819
3545,1:B,1:B,,0.668
3546,1:B,1:B,,0.853
3547,4:D,1:B,+,0.424
3548,1:B,1:B,,0.901
3549,4:D,1:B,+,0.464
3550,1:B,1:B,,0.648
3551,3:C,1:B,+,0.675
3552,3:C,3:C,,0.494
3553,3:C,3:C,,0.517
3554,1:B,1:B,,0.659
3555,2:A,1:B,+,0.563
3556,1:B,1:B,,0.653
3557,1:B,1:B,,0.821
3558,1:B,1:B,,0.684
3559,1:B,1:B,,0.532
3560,1:B,1:B,,0.536
3561,2:A,1:B,+,0.431
3562,3:C,1:B,+,0.727
3563,4:D,4:D,,0.392
3564,4:D,1:B,+,0.369
3565,3:C,3:C,,0.556
3566,2:A,1:B,+,0.56
3567,3:C,1:B,+,0.559
3568,4:D,3:C,+,0.654
3569,1:B,1:B,,0.823
3570,1:B,1:B,,0.658
3571,1:B,1:B,,0.802
3572,1:B,1:B,,0.673
3573,1:B,1:B,,0.509
3574,3:C,1:B,+,0.522
3575,1:B,1:B,,0.715
3576,1:B,1:B,,0.821
3577,1:B,1:B,,0.776
3578,2:A,1:B,+,0.706
3579,1:B,1:B,,0.521
3580,2:A,2:A,,0.888
3581,1:B,1:B,,0.796
3582,1:B,1:B,,0.71
3583,1:B,1:B,,0.789
3584,1:B,1:B,,0.611
3585,3:C,1:B,+,0.693
3586,1:B,3:C,+,0.477
3587,4:D,3:C,+,0.554
3588,1:B,1:B,,0.73
3589,4:D,1:B,+,0.568
3590,1:B,1:B,,0.749
3591,1:B,1:B,,0.667
3592,3:C,3:C,,0.641
3593,1:B,1:B,,0.722
3594,1:B,1:B,,0.73
3595,1:B,1:B,,0.532
3596,3:C,3:C,,0.497
3597,1:B,1:B,,0.665
3598,1:B,1:B,,0.846
3599,1:B,1:B,,0.826
3600,1:B,1:B,,0.711
3601,4:D,1:B,+,0.764
3602,2:A,2:A,,0.43
3603,1:B,1:B,,0.76
3604,1:B,1:B,,0.799
3605,2:A,1:B,+,0.752
3606,3:C,1:B,+,0.459
3607,1:B,1:B,,0.709
3608,1:B,1:B,,0.893
3609,2:A,2:A,,0.554
3610,1:B,1:B,,0.769
3611,1:B,1:B,,0.785
3612,3:C,1:B,+,0.56
3613,4:D,1:B,+,0.751
3614,3:C,3:C,,0.538
3615,1:B,1:B,,0.582
3616,1:B,1:B,,0.665
3617,3:C,1:B,+,0.459
3618,1:B,1:B,,0.845
3619,1:B,1:B,,0.7
3620,1:B,1:B,,0.671
3621,1:B,1:B,,0.855
3622,3:C,1:B,+,0.544
3623,1:B,1:B,,0.812
3624,1:B,1:B,,0.647
3625,1:B,1:B,,0.639
3626,1:B,1:B,,0.687
3627,1:B,1:B,,0.777
3628,1:B,1:B,,0.495
3629,1:B,1:B,,0.682
3630,1:B,1:B,,0.64
3631,1:B,1:B,,0.767
3632,3:C,3:C,,0.56
3633,1:B,1:B,,0.662
3634,1:B,1:B,,0.816
3635,1:B,1:B,,0.702
3636,1:B,1:B,,0.843
3637,1:B,1:B,,0.725
3638,1:B,1:B,,0.785
3639,1:B,1:B,,0.667
3640,1:B,1:B,,0.666
3641,1:B,1:B,,0.699
3642,1:B,1:B,,0.65
3643,1:B,1:B,,0.683
3644,4:D,1:B,+,0.47
3645,1:B,1:B,,0.827
3646,1:B,1:B,,0.682
3647,1:B,1:B,,0.733
3648,1:B,1:B,,0.789
3649,2:A,1:B,+,0.675
3650,1:B,1:B,,0.732
3651,1:B,1:B,,0.828
3652,3:C,1:B,+,0.492
3653,1:B,1:B,,0.775
3654,1:B,1:B,,0.719
3655,3:C,1:B,+,0.609
3656,3:C,1:B,+,0.534
3657,1:B,1:B,,0.478
3658,1:B,1:B,,0.741
3659,3:C,1:B,+,0.697
3660,1:B,1:B,,0.678
3661,1:B,1:B,,0.635
3662,1:B,1:B,,0.449
3663,3:C,1:B,+,0.513
3664,3:C,3:C,,0.525
3665,5:E,1:B,+,0.683
3666,3:C,3:C,,0.475
3667,3:C,1:B,+,0.574
3668,1:B,1:B,,0.832
3669,1:B,1:B,,0.47
3670,3:C,3:C,,0.639
3671,1:B,1:B,,0.751
3672,4:D,1:B,+,0.456
3673,3:C,3:C,,0.474
3674,1:B,1:B,,0.611
3675,1:B,1:B,,0.636
3676,3:C,1:B,+,0.526
3677,4:D,1:B,+,0.348
3678,3:C,1:B,+,0.513
3679,4:D,1:B,+,0.43
3680,3:C,1:B,+,0.727
3681,4:D,1:B,+,0.416
3682,3:C,3:C,,0.449
3683,3:C,3:C,,0.519
3684,4:D,1:B,+,0.396
3685,3:C,3:C,,0.51
3686,1:B,1:B,,0.775
3687,3:C,3:C,,0.606
3688,3:C,1:B,+,0.573
3689,1:B,1:B,,0.547
3690,3:C,3:C,,0.504
3691,1:B,1:B,,0.75
3692,3:C,3:C,,0.577
3693,1:B,1:B,,0.613
3694,1:B,1:B,,0.775
3695,1:B,1:B,,0.787
3696,3:C,1:B,+,0.68
3697,1:B,1:B,,0.704
3698,1:B,1:B,,0.742
3699,1:B,1:B,,0.595
3700,1:B,1:B,,0.912
3701,1:B,1:B,,0.811
3702,1:B,1:B,,0.625
3703,1:B,1:B,,0.572
3704,3:C,3:C,,0.53
3705,3:C,3:C,,0.53
3706,2:A,2:A,,0.538
3707,1:B,1:B,,0.693
3708,1:B,1:B,,0.84
3709,2:A,1:B,+,0.744
3710,1:B,1:B,,0.61
3711,1:B,1:B,,0.605
3712,1:B,1:B,,0.505
3713,3:C,1:B,+,0.606
3714,1:B,1:B,,0.777
3715,1:B,1:B,,0.745
3716,1:B,1:B,,0.931
3717,1:B,1:B,,0.841
3718,1:B,1:B,,0.552
3719,1:B,1:B,,0.434
3720,3:C,1:B,+,0.715
3721,3:C,1:B,+,0.487
3722,1:B,1:B,,0.861
3723,3:C,1:B,+,0.569
3724,4:D,4:D,,0.428
3725,2:A,1:B,+,0.591
3726,1:B,1:B,,0.696
3727,2:A,1:B,+,0.693
3728,1:B,1:B,,0.567
3729,1:B,1:B,,0.898
3730,3:C,1:B,+,0.53
3731,1:B,1:B,,0.724
3732,1:B,1:B,,0.625
3733,3:C,3:C,,0.57
3734,1:B,1:B,,0.666
3735,3:C,3:C,,0.592
3736,4:D,1:B,+,0.502
3737,1:B,1:B,,0.647
3738,1:B,1:B,,0.756
3739,1:B,1:B,,0.797
3740,3:C,1:B,+,0.598
3741,1:B,1:B,,0.528
3742,1:B,1:B,,0.524
3743,1:B,1:B,,0.797
3744,2:A,3:C,+,0.51
3745,3:C,1:B,+,0.49
3746,1:B,1:B,,0.798
3747,1:B,1:B,,0.528
3748,1:B,1:B,,0.811
3749,1:B,1:B,,0.834
3750,1:B,1:B,,0.684
3751,3:C,1:B,+,0.618
3752,3:C,3:C,,0.56
3753,1:B,1:B,,0.693
3754,1:B,1:B,,0.828
3755,1:B,1:B,,0.88
3756,1:B,1:B,,0.814
3757,1:B,1:B,,0.755
3758,1:B,1:B,,0.663
3759,1:B,1:B,,0.689
3760,1:B,1:B,,0.74
3761,1:B,1:B,,0.837
3762,1:B,1:B,,0.605
3763,1:B,1:B,,0.553
3764,3:C,3:C,,0.665
3765,1:B,1:B,,0.811
3766,1:B,1:B,,0.724
3767,2:A,2:A,,0.82
3768,3:C,1:B,+,0.572
3769,1:B,1:B,,0.576
3770,3:C,1:B,+,0.674
3771,3:C,3:C,,0.59
3772,1:B,1:B,,0.91
3773,1:B,1:B,,0.834
3774,1:B,1:B,,0.55
3775,3:C,3:C,,0.627
3776,1:B,1:B,,0.797
3777,1:B,1:B,,0.527
3778,1:B,1:B,,0.741
3779,3:C,1:B,+,0.471
3780,1:B,1:B,,0.589
3781,4:D,1:B,+,0.621
3782,1:B,3:C,+,0.522
3783,4:D,3:C,+,0.415
3784,1:B,1:B,,0.61
3785,1:B,1:B,,0.706
3786,1:B,1:B,,0.609
3787,2:A,1:B,+,0.484
3788,3:C,3:C,,0.594
3789,3:C,3:C,,0.501
3790,1:B,1:B,,0.9
3791,1:B,1:B,,0.773
3792,1:B,1:B,,0.908
3793,3:C,3:C,,0.617
3794,1:B,1:B,,0.635
3795,1:B,1:B,,0.594
3796,1:B,1:B,,0.749
3797,2:A,1:B,+,0.519
3798,1:B,1:B,,0.893
3799,3:C,3:C,,0.59
3800,1:B,1:B,,0.751
3801,1:B,1:B,,0.845
3802,1:B,1:B,,0.737
3803,2:A,1:B,+,0.61
3804,3:C,1:B,+,0.546
3805,1:B,1:B,,0.784
3806,1:B,1:B,,0.891
3807,3:C,3:C,,0.562
3808,1:B,1:B,,0.748
3809,2:A,1:B,+,0.609
3810,1:B,1:B,,0.776
3811,1:B,1:B,,0.772
3812,3:C,1:B,+,0.498
3813,2:A,1:B,+,0.541
3814,2:A,1:B,+,0.613
3815,1:B,1:B,,0.588
3816,1:B,1:B,,0.76
3817,1:B,1:B,,0.685
3818,1:B,1:B,,0.555
3819,3:C,1:B,+,0.523
3820,1:B,1:B,,0.649
3821,4:D,1:B,+,0.644
3822,1:B,1:B,,0.789
3823,1:B,1:B,,0.552
3824,2:A,1:B,+,0.661
3825,2:A,1:B,+,0.654
3826,1:B,1:B,,0.673
3827,1:B,1:B,,0.88
3828,1:B,1:B,,0.733
3829,1:B,1:B,,0.829
3830,1:B,1:B,,0.777
3831,1:B,1:B,,0.779
3832,1:B,1:B,,0.721
3833,2:A,1:B,+,0.56
3834,3:C,1:B,+,0.54
3835,4:D,3:C,+,0.314
3836,1:B,1:B,,0.909
3837,1:B,1:B,,0.781
3838,3:C,3:C,,0.577
3839,3:C,1:B,+,0.561
3840,3:C,1:B,+,0.558
3841,1:B,1:B,,0.633
3842,1:B,1:B,,0.56
3843,1:B,1:B,,0.653
3844,1:B,1:B,,0.845
3845,1:B,1:B,,0.604
3846,1:B,1:B,,0.649
3847,3:C,3:C,,0.716
3848,1:B,1:B,,0.584
3849,1:B,1:B,,0.796
3850,1:B,1:B,,0.871
3851,3:C,1:B,+,0.417
3852,1:B,1:B,,0.832
3853,4:D,1:B,+,0.721
3854,2:A,1:B,+,0.571
3855,1:B,1:B,,0.684
3856,1:B,1:B,,0.754
3857,1:B,1:B,,0.685
3858,3:C,1:B,+,0.496
3859,1:B,1:B,,0.808
3860,1:B,1:B,,0.673
3861,3:C,1:B,+,0.56
3862,1:B,1:B,,0.752
3863,1:B,3:C,+,0.578
3864,1:B,1:B,,0.722
3865,2:A,1:B,+,0.694
3866,1:B,1:B,,0.523
3867,1:B,1:B,,0.679
3868,3:C,3:C,,0.497
3869,1:B,1:B,,0.9
3870,3:C,1:B,+,0.474
3871,1:B,1:B,,0.775
3872,1:B,1:B,,0.789
3873,1:B,1:B,,0.8
3874,2:A,1:B,+,0.678
3875,1:B,1:B,,0.738
3876,1:B,1:B,,0.782
3877,1:B,1:B,,0.783
3878,1:B,1:B,,0.842
3879,1:B,1:B,,0.761
3880,1:B,1:B,,0.874
3881,3:C,1:B,+,0.647
3882,4:D,1:B,+,0.489
3883,1:B,1:B,,0.548
3884,1:B,1:B,,0.63
3885,2:A,1:B,+,0.723
3886,1:B,1:B,,0.58
3887,1:B,1:B,,0.786
3888,1:B,1:B,,0.659
3889,3:C,3:C,,0.598
3890,1:B,1:B,,0.664
3891,2:A,3:C,+,0.416
3892,2:A,1:B,+,0.637
3893,1:B,1:B,,0.826
3894,2:A,1:B,+,0.712
3895,1:B,1:B,,0.711
3896,1:B,1:B,,0.609
3897,3:C,1:B,+,0.567
3898,1:B,1:B,,0.803
3899,1:B,1:B,,0.573
3900,1:B,1:B,,0.821
3901,1:B,1:B,,0.732
3902,3:C,1:B,+,0.508
3903,1:B,1:B,,0.729
3904,1:B,1:B,,0.783
3905,1:B,1:B,,0.855
3906,3:C,1:B,+,0.645
3907,1:B,1:B,,0.751
3908,1:B,1:B,,0.706
3909,1:B,1:B,,0.535
3910,1:B,1:B,,0.692
3911,2:A,1:B,+,0.625
3912,1:B,1:B,,0.883
3913,3:C,1:B,+,0.629
3914,1:B,1:B,,0.851
3915,1:B,1:B,,0.851
3916,1:B,1:B,,0.822
3917,3:C,1:B,+,0.796
3918,3:C,3:C,,0.444
3919,1:B,1:B,,0.868
3920,1:B,1:B,,0.63
3921,3:C,1:B,+,0.762
3922,1:B,1:B,,0.58
3923,3:C,1:B,+,0.654
3924,1:B,1:B,,0.699
3925,4:D,1:B,+,0.388
3926,1:B,1:B,,0.729
3927,3:C,3:C,,0.554
3928,1:B,1:B,,0.646
3929,1:B,1:B,,0.787
3930,1:B,1:B,,0.691
3931,1:B,1:B,,0.921
3932,2:A,1:B,+,0.611
3933,3:C,3:C,,0.498
3934,3:C,3:C,,0.561
3935,1:B,1:B,,0.78
3936,3:C,3:C,,0.546
3937,3:C,1:B,+,0.687
3938,1:B,1:B,,0.74
3939,1:B,3:C,+,0.49
3940,1:B,1:B,,0.651
3941,1:B,1:B,,0.629
3942,1:B,1:B,,0.595
3943,4:D,1:B,+,0.572
3944,3:C,1:B,+,0.741
3945,1:B,1:B,,0.75
3946,1:B,1:B,,0.666
3947,1:B,1:B,,0.733
3948,1:B,1:B,,0.635
3949,3:C,3:C,,0.544
3950,1:B,1:B,,0.781
3951,3:C,1:B,+,0.44
3952,4:D,1:B,+,0.491
3953,2:A,1:B,+,0.772
3954,1:B,1:B,,0.651
3955,3:C,1:B,+,0.622
3956,1:B,1:B,,0.792
3957,1:B,1:B,,0.659
3958,1:B,1:B,,0.843
3959,1:B,1:B,,0.736
3960,1:B,1:B,,0.773
3961,3:C,1:B,+,0.604
3962,1:B,1:B,,0.778
3963,1:B,1:B,,0.757
3964,4:D,1:B,+,0.547
3965,1:B,1:B,,0.8
3966,3:C,1:B,+,0.576
3967,1:B,1:B,,0.726
3968,1:B,1:B,,0.756
3969,1:B,1:B,,0.693
3970,1:B,1:B,,0.656
3971,1:B,1:B,,0.857
3972,1:B,1:B,,0.705
3973,1:B,1:B,,0.812
3974,1:B,1:B,,0.674
3975,1:B,1:B,,0.631
3976,1:B,1:B,,0.841
3977,1:B,1:B,,0.789
3978,1:B,1:B,,0.691
3979,1:B,1:B,,0.587
3980,1:B,3:C,+,0.52
3981,1:B,1:B,,0.738
3982,1:B,1:B,,0.574

