20,N
25,N
36,C
60,N
61,N
63,N
76,N
78,C
85,N
95,N
101,C
105,N
112,C
121,V
123,V
132,C
135,C
137,C
151,C
163,V
167,N
169,N
171,N
173,N
178,V
185,N
186,V
194,N
202,N
206,V
229,N
253,N
259,C
264,N
267,N
268,N
273,N
281,N
282,N
296,N
306,N
313,N
317,N
322,N
323,N
332,N
340,N
349,N
350,N
351,N
358,N
363,N
367,N
373,N
382,N
385,N
386,N
389,N
390,N
394,N
398,N
400,N
402,N
403,N
404,N
407,N
414,N
425,N
434,N
443,N
445,N
447,N
450,N
465,N
466,N
469,N
477,N
478,N
480,N
482,N
486,N
495,N
509,N
512,N
513,N
515,N
516,N
524,N
528,N
529,N
534,N
555,N
564,N
568,V
573,C
574,C
584,V
586,N
587,C
592,C
596,V
602,C
607,N
623,V
637,C
640,V
645,N
650,N
651,N
655,N
656,N
658,C
661,N
662,V
668,N
670,C
671,C
673,C
687,N
688,C
690,N
695,C
702,N
711,V
712,V
723,N
728,N
734,C
735,C
737,N
739,N
744,N
745,V
746,C
748,N
750,N
752,N
764,N
765,N
767,V
772,N
776,N
779,N
785,C
788,N
791,N
792,N
806,N
810,N
814,V
823,N
828,N
830,N
837,C
842,N
847,N
850,N
853,N
856,N
857,N
860,N
861,N
867,N
868,N
878,N
884,N
885,N
888,V
911,N
920,V
921,V
925,N
928,N
930,N
931,N
936,N
939,N
945,N
952,N
957,N
959,N
960,N
962,N
974,N
981,N
988,N
990,N
993,N
994,N
1009,C
1012,C
1024,N
1025,N
1027,N
1029,N
1031,N
1042,C
1045,N
1046,N
1047,N
1048,N
1051,N
1052,N
1054,N
1062,N
1066,N
1068,N
1070,N
1071,N
1080,N
1081,V
1083,V
1086,V
1087,V
1095,N
1097,N
1099,N
1101,C
1104,C
1114,C
1123,N
1127,N
1139,N
1147,N
1154,N
1156,N
1161,N
1167,N
1168,N
1172,N
1175,N
1177,N
1178,N
1180,N
1191,N
1196,C
1208,N
1210,N
1213,N
1220,N
1226,N
1228,N
1237,N
1238,N
1243,N
1248,N
1251,N
1252,C
1264,N
1265,N
1267,N
1273,N
1277,N
1291,N
1302,N
1308,N
1315,N
1317,N
1322,N
1323,N
1324,N
1327,N
1332,N
1334,N
1338,N
1339,N
1342,N
1347,N
1360,N
1363,N
1368,N
1369,N
1374,N
1377,N
1378,N
1382,N
1384,N
1396,N
1401,N
1402,N
1403,N
1409,N
1411,N
1414,N
1416,N
1417,N
1418,N
1420,N
1423,N
1428,N
1431,N
1432,N
1449,N
1453,N
1477,N
1484,N
1486,N
1490,N
1499,N
1500,N
1505,N
1507,N
1511,C
1527,N
1528,N
1532,N
1542,N
1555,N
1556,N
1558,N
1562,N
1572,N
1575,N
1589,N
1592,N
1595,N
1599,N
1602,N
1603,N
1604,N
1605,N
1609,N
1621,V
1626,V
1629,V
1647,N
1651,N
1661,V
1668,N
1673,N
1674,N
1687,N
1700,V
1701,N
1706,N
1712,V
1721,N
1722,N
1725,N
1726,N
1728,N
1730,V
1732,N
1735,N
1740,N
1746,V
1748,V
1749,N
1753,N
1755,V
1758,V
1764,N
1766,V
1772,V
1776,N
1784,N
1789,N
1796,N
1801,N
1804,C
1810,N
1817,N
1822,V
1837,N
1843,N
1845,N
1846,N
1849,V
1851,V
1855,N
1860,N
1868,N
1879,N
1880,N
1886,N
1890,N
1894,N
1900,V
1903,N
1907,N
1920,N
1928,N
1931,N
1932,N
1936,N
1941,V
1943,N
1944,N
1952,N
1956,C
1960,N
1962,N
1963,N
1971,N
1979,N
1981,V
1987,V
1991,N
1992,C
1996,V
1998,V
1999,V
2003,N
2006,N
2007,N
2009,N
2011,N
2023,N
2034,N
2036,N
2042,N
2044,N
2049,N
2050,C
2055,N
2071,N
2074,N
2077,N
2080,N
2081,N
2083,N
2085,N
2086,N
2089,N
2090,N
2096,N
2097,N
2109,N
2110,C
2114,N
2120,V
2127,N
2129,N
2131,N
2137,V
2147,N
2149,N
2154,N
2159,N
2164,V
2174,C
2177,N
2178,N
2182,V
2184,V
2185,V
2190,N
2193,C
2196,C
2206,V
2209,C
2217,C
2218,C
2219,C
2226,N
2227,C
2229,C
2230,C
2243,V
2247,V
2248,V
2251,N
2254,V
2255,V
2261,C
2270,N
2273,N
2275,N
2278,C
2283,N
2285,N
2288,C
2290,C
2298,V
2300,V
2303,V
2319,V
2325,V
2339,V
2349,N
2353,C
2358,V
2362,C
2365,C
2372,N
2379,C
2391,N
2392,N
2399,C
2410,N
2416,N
2417,N
2418,N
2426,V
2430,C
2441,V
2445,C
2454,V
2455,N
2456,N
2468,N
2470,V
2482,N
2489,C
2498,N
2499,N
2502,N
2507,N
2514,N
2515,N
2524,C
2525,N
2530,C
2532,C
2539,N
2540,N
2542,V
2549,N
2555,V
2558,N
2564,N
2568,N
2570,N
2576,C
2578,N
2579,N
2582,N
2589,C
2601,N
2604,V
2610,C
2618,N
2620,N
2621,N
2626,N
2627,N
2637,N
2643,C
2646,N
2652,N
2656,N
2660,N
2671,N
2672,N
2676,N
2677,N
2679,N
2681,N
2682,N
2685,N
2691,N
2697,N
2713,C
2720,C
2721,C
2724,C
2735,N
2736,V
2740,V
2745,V
2746,N
2748,C
2771,V
2774,N
2789,C
2804,N
2805,N
2806,N
2817,C
2819,C
2820,N
2826,V
2828,N
2830,N
2831,N
2833,C
2840,V
2845,C
2846,C
2854,N
2860,C
2875,N
2878,N
2883,V
2891,N
2897,C
2900,N
2906,N
2909,N
2910,N
2914,N
2920,N
2927,N
2933,N
2947,N
2948,N
2953,N
2955,N
2964,V
2965,N
2971,N
2975,N
2980,N
2986,N
2988,N
2993,N
2997,C
3011,N
3012,N
3015,C
3018,N
3028,N
3035,N
3036,N
3044,N
3050,C
3056,V
3062,N
3064,N
3076,N
3078,N
3079,C
3081,N
3088,N
3106,N
3117,N
3125,V
3130,N
3135,C
3142,N
3143,N
3146,N
3151,N
3154,C
3155,C
3157,V
3170,N
3183,N
3184,C
3187,C
3194,N
3197,N
3198,N
3199,N
3200,N
3204,N
3211,N
3214,N
3219,V
3220,N
3226,N
3232,N
3233,N
3239,N
3240,N
3243,C
3252,V
3254,V
3255,V
3260,C
3267,V
3277,N
3278,N
3282,C
3289,N
3296,V
3298,V
3301,C
3303,C
3306,C
3312,C
3322,N
3323,C
3339,V
3343,V
3348,N
3357,V
3358,V
3360,V
3362,C
3372,V
3377,V
3385,N
3386,N
3394,N
3425,N
3430,V
3431,N
3434,N
3435,N
3445,V
3446,N
3447,N
3455,C
3459,C
3463,N
3465,N
3485,N
3490,C
3495,N
3507,N
3520,V
3523,N
3537,N
3539,N
3541,N
3544,C
3550,N
3554,V
3555,N
3560,V
3565,C
3566,C
3567,C
3568,C
3574,C
3585,C
3588,V
3592,V
3598,V
3601,V
3614,N
3628,N
3632,N
3636,N
3641,V
3647,N
3649,N
3654,N
3667,N
3670,V
3672,N
3675,N
3678,N
3681,N
3685,N
3689,N
3693,N
3696,N
3700,N
3702,N
3705,N
3706,N
3720,N
3723,N
3737,N
3747,N
3751,N
3754,N
3756,N
3759,N
3765,N
3776,N
3798,C
3811,N
3816,N
3817,N
3819,N
3828,N
3831,V
3836,C
3842,N
3843,N
3845,N
3856,N
3858,V
3861,V
3868,N
3869,N
3873,N
3877,C
3879,V
3888,N
3890,C
3892,C
3894,C
3895,C
3903,C
3909,V
3913,C
3919,V
3927,N
3931,V
3942,C
3944,C
3950,V
3951,V
3954,N
3956,C
3959,N
3973,V
3977,C
3983,N
3997,N
3998,N
4000,V
4009,N
4023,V
4030,N
4034,N
4040,N
4045,C
4048,C
4059,V
4063,N
4066,N
4068,N
4069,V
4082,N
4086,C
4088,N
4090,V
4091,V
4095,V
4099,V
4102,V
4123,N
4124,N
4127,N
4128,N
4129,N
4130,C
4146,N
4152,N
4158,C
4168,N
4171,N
4173,N
4180,V
4183,N
4191,N
4197,N
4198,N
4201,C
4207,N
4212,N
4230,V
4231,V
4236,N
4239,N
4248,N
4249,N
4250,N
4258,V
4262,N
4264,N
4267,N
4317,N
4323,V
4328,C
4330,V
4335,C
4340,C
4342,C
4352,C
4358,N
4360,N
4361,C
4367,V
4373,V
4376,N
4378,C
4391,C
4392,C
4403,V
4419,V
4422,C
4428,C
4431,N
4451,V
4453,V
4458,N
4460,N
4461,N
4464,V
4466,V
4470,C
4474,V
4477,V
4480,V
4481,V
4490,C
4495,C
4497,V
4500,N
4507,N
4511,N
4514,C
4528,V
4530,N
4546,N
4551,N
4552,N
4555,N
4558,V
4560,N
4565,C
4566,N
4572,C
4573,N
4575,N
4580,V
4589,N
4591,N
4592,N
4597,N
4598,N
4599,N
4604,N
4606,N
4607,V
4622,N
4625,N
4629,N
4631,V
4645,N
4654,N
4657,C
4666,N
4667,N
4668,N
4669,C
4698,V
4708,N
4729,C
4736,N
4737,N
4738,N
4748,N
4749,N
4754,N
4757,N
4762,N
4771,C
4774,N
4776,N
4779,C
4781,N
4784,N
4785,C
4788,N
4795,N
4797,N
4801,N
4804,N
4808,N
4818,N
4821,C
4823,N
4825,N
4828,C
4833,V
4835,V
4837,N
4839,N
4848,N
4852,N
4853,N
4859,N
4864,V
4866,V
4867,V
4870,C
4872,C
4873,N
4874,N
4877,V
4884,C
4885,N
4888,N
4889,N
4913,C
4925,N
4934,C
4945,V
4958,V
4960,C
4974,V
4975,V
4994,V
5000,V
5002,V
5007,V
5012,N
5014,C
5020,N
5021,N
5023,V
5024,N
5030,V
5031,V
5042,N
5049,V
5050,V
5053,N
5054,N
5055,V
5056,N
5058,N
5060,N
5062,N
5068,N
5080,N
5081,C
5082,C
5084,N
5085,N
5086,V
5107,V
5114,N
5115,N
5136,N
5137,C
5145,N
5151,V
5157,N
5163,N
5165,V
5171,N
5184,N
5185,N
5189,N
5190,N
5196,N
5197,N
5200,V
5202,N
5204,V
5205,N
5214,N
5224,V
5241,N
5242,N
5244,N
5248,N
5249,N
5250,N
5252,N
5257,N
5261,V
5264,V
5269,N
5272,N
5274,N
5281,V
5282,N
5284,N
5285,N
5286,N
5297,N
5299,C
5309,N
5320,N
5322,V
5328,N
5334,N
5335,N
5336,V
5337,N
5342,N
5345,C
5348,N
5349,N
5351,N
5354,N
5356,N
5357,V
5362,V
5363,V
5366,N
5367,C
5372,N
5382,N
5384,N
5385,N
5390,N
5391,N
5402,N
5408,V
5415,N
5416,V
5417,V
5418,V
5434,C
5435,C
5436,V
5439,C
5447,V
5451,C
5452,C
5453,C
5458,C
5460,V
5468,C
5469,C
5471,C
5482,N
5486,C
5487,C
5493,V
5502,V
5512,V
5513,V
5515,C
5516,C
5517,C
5518,C
5519,N
5521,V
5522,V
5530,C
5543,V
5547,V
5550,C
5555,V
5556,V
5565,V
5567,V
5571,N
5574,C
5575,C
5577,N
5581,C
5585,N
5586,N
5589,V
5590,N
5597,C
5603,C
5606,N
5610,V
5614,V
5620,V
5627,N
5628,N
5630,N
5635,N
5636,N
5643,V
5645,N
5656,V
5665,N
5667,N
5668,V
5679,N
5683,C
5686,N
5687,V
5690,V
5693,N
5701,N
5702,N
5713,N
5714,N
5727,N
5730,N
5734,N
5736,N
5739,N
5746,N
5757,N
5761,V
5780,N
5790,V
5792,V
5798,N
5806,N
5810,V
5816,N
5821,N
5823,N
5834,N
5835,V
5837,N
5852,N
5863,N
5869,C
5870,C
5884,N
5888,N
5889,N
5898,V
5912,N
5913,N
5914,N
5916,N
5920,N
5930,N
5933,N
5934,N
5936,N
5941,N
5944,V
5949,N
5952,C
5966,N
5967,V
5970,N
5975,C
5982,N
5983,N
5985,N
5997,N
6002,C
6004,N
6006,N
6020,N
6025,N
6036,N
6048,N
6050,V
6053,V
6055,N
6056,N
6059,V
6070,C
6071,N
6081,N
6098,N
6101,N
6105,N
6115,N
6116,N
6119,N
6122,N
6123,N
6127,N
6140,N
6150,N
6158,V
6166,V
6173,N
6180,N
6181,C
6182,C
6187,N
6195,N
6196,N
6197,N
6199,N
6204,N
6210,N
6211,N
6217,N
6224,N
6225,N
6227,V
6234,V
6235,V
6237,N
6239,N
6257,N
6267,C
6270,N
6272,N
6275,C
6280,N
6282,N
6288,N
6298,N
6300,N
6309,N
6310,N
6312,N
6324,N
6327,N
6328,N
6334,V
6335,V
6337,N
6344,N
6348,N
6351,V
6355,N
6360,N
6362,N
6364,N
6367,N
6372,N
6373,N
6376,N
6378,N
6379,N
6384,N
6388,N
6398,N
6399,N
6403,N
6417,N
6420,N
6432,N
6434,N
6437,N
6449,N
6479,N
6481,N
6482,N
6483,V
6486,V
6489,C
6491,N
6501,V
6504,N
6506,N
6514,V
6515,N
6519,C
6523,N
6525,N
6532,V
6538,V
6542,N
6543,N
6546,N
6549,N
6551,V
6553,N
6566,C
6567,C
6568,N
6570,N
6574,N
6580,C
6582,C
6587,V
6592,N
6597,V
6598,V
6600,N
6610,N
6613,N
6615,N
6618,N
6623,N
6629,N
6632,N
6635,N
6636,N
6637,C
6640,N
6641,N
6652,V
6654,V
6660,N
6664,C
6667,N
6678,N
6680,N
6688,N
6691,N
6694,N
6705,N
6709,N
6714,N
6715,N
6727,N
6735,N
6740,N
6741,N
6744,N
6757,N
6767,N
6772,C
6774,C
6779,N
6782,C
6784,N
6787,N
6791,N
6796,N
6802,N
6808,N
6816,N
6824,N
6827,N
6828,N
6833,N
6835,N
6836,N
6844,N
6850,N
6859,N
6861,N
6862,N
6865,N
6870,V
6871,V
6872,V
6873,V
6880,V
6897,N
6904,N
6910,N
6911,N
6931,N
6935,N
6943,N
6947,N
6948,N
6950,N
6952,N
6953,C
6954,C
6958,N
6960,C
6962,C
6964,N
6972,N
6973,N
6977,N
6980,N
6986,N
6990,N
6998,N
7004,N
7008,N
7009,N
7013,C
7026,C
7028,V
7030,C
7038,C
7042,V
7043,N
7051,C
7055,N
7056,N
7059,C
7062,C
7079,V
7081,N
7083,N
7085,N
7087,V
7095,N
7096,N
7098,N
7100,C
7103,V
7110,N
7116,V
7119,V
7121,N
7124,N
7131,N
7140,N
7146,N
7148,N
7152,N
7156,N
7163,N
7175,N
7178,N
7180,N
7184,N
7185,N
7186,N
7190,N
7191,N
7195,N
7205,N
7212,N
7218,N
7224,N
7226,N
7227,N
7228,N
7244,N
7250,N
7254,N
7255,N
7260,N
7266,N
7281,N
7286,N
7288,N
7300,N
7301,N
7302,N
7306,N
7308,N
7313,C
7315,N
7316,N
7327,N
7347,N
7349,N
7351,N
7356,N
7358,N
7359,N
7361,N
7371,V
7373,N
7376,N
7389,V
7392,V
7397,C
7405,C
7408,N
7411,N
7416,C
7419,V
7432,V
7433,V
7436,N
7445,V
7447,V
7448,V
7450,V
7453,N
7464,N
7469,C
7474,V
7475,V
7481,N
7485,N
7489,N
7492,N
7502,N
7506,N
7508,N
7510,N
7512,N
7513,N
7516,N
7524,N
7529,N
7532,N
7535,N
7539,N
7548,N
7550,N
7559,N
7562,N
7565,C
7566,V
7568,C
7572,C
7573,C
7577,N
7581,N
7596,V
7608,N
7610,N
7611,N
7615,N
7622,N
7631,N
7638,C
7647,C
7648,N
7655,V
7666,V
7669,V
7673,V
7675,V
7676,V
7677,V
7702,C
7706,V
7711,N
7712,N
7721,N
7723,N
7725,N
7733,N
7738,N
7744,C
7748,C
7755,C
7758,N
7760,N
7761,N
7775,N
7776,N
7780,N
7781,N
7794,N
7795,N
7800,C
7801,C
7817,C
7822,N
7841,N
7842,N
7843,N
7845,N
7853,N
7858,V
7878,N
7880,N
7889,N
7891,C
7894,N
7899,N
7907,C
7917,N
7920,N
7928,N
7931,N
7939,C
7943,N
7946,N
7958,C
7965,V
7967,N
7972,N
7979,N
7985,N
7988,N
7993,N
8001,N
8002,N
8010,N
8013,N
8020,N
8023,N
8025,N
8029,N
8030,N
8031,N
8034,N
8063,N
8064,N
8068,N
8070,N
8074,N
8076,N
8077,N
8080,N
8088,N
8089,N
8090,N
8091,N
8094,N
8096,N
8104,V
8107,N
8108,V
8109,V
8115,V
8116,V
8135,N
8141,N
8146,N
8152,V
8161,C
8174,N
8184,N
8188,N
8190,C
8192,N
8194,N
8197,V
8199,N
8210,N
8215,N
8216,N
8222,C
8224,N
8232,N
8236,V
8237,C
8247,V
8249,N
8255,V
8265,C
8268,V
8272,N
8277,N
8287,N
8290,N
8322,N
8324,V
8326,N
8332,C
8334,C
8335,N
8337,N
8340,C
8345,N
8351,N
8357,N
8359,N
8368,N
8370,N
8372,V
8373,V
8380,C
8393,N
8397,N
8398,N
8400,N
8401,N
8405,N
8412,N
8426,N
8429,N
8437,N
8438,N
8441,N
8454,C
8462,N
8466,N
8467,N
8475,N
8478,N
8487,N
8493,N
8494,N
8497,N
8500,N
8501,N
8508,N
8515,N
8521,N
8524,N
8528,N
8543,N
8547,N
8555,N
8556,N
8561,C
8567,N
8568,N
8581,N
8586,N
8594,N
8611,N
8612,N
8613,N
8617,N
8622,C
8625,N
8627,N
8632,N
8634,N
8641,N
8642,C
8652,N
8653,N
8662,N
8669,V
8670,V
8673,N
8675,N
8681,C
8682,N
8683,N
8684,N
8688,N
8689,N
8691,N
8696,N
8713,N
8724,N
8730,N
8732,N
8751,C
8753,N
8762,C
8770,N
8771,N
8775,C
8776,N
8778,N
8781,N
8786,N
8789,N
8803,N
8804,N
8805,N
8810,N
8814,N
8821,N
8823,N
8827,V
8828,V
8829,V
8837,C
8838,C
8844,N
8851,N
8852,N
8859,N
8860,V
8863,V
8866,N
8868,N
8870,N
8875,N
8878,N
8882,N
8887,N
8891,N
8894,N
8895,N
8902,V
8904,N
8906,N
8910,N
8925,N
8927,N
8928,V
8937,N
8938,N
8939,N
8942,N
8943,N
8945,V
8949,N
8950,N
8952,C
8957,C
8964,N
8965,N
8966,N
8967,N
8970,N
8978,N
8985,C
8992,N
8995,N
8997,N
9002,N
9006,N
9014,N
9020,N
9025,N
9026,N
9035,N
9044,N
9046,N
9076,N
9085,N
9087,N
9101,N
9102,N
9103,N
9106,N
9107,N
9117,N
9135,N
9137,N
9139,N
9141,N
9144,N
9148,N
9153,N
9154,N
9157,N
9163,N
9167,N
9175,N
9179,N
9180,N
9186,V
9208,V
9214,N
9219,N
9220,N
9221,N
9223,N
9231,V
9235,N
9237,N
9241,N
9242,N
9253,N
9258,V
9259,C
9265,N
9272,N
9281,N
9290,N
9293,N
9296,V
9300,V
9301,N
9306,V
9307,V
9311,N
9314,N
9319,N
9321,N
9323,N
9326,C
9348,N
9350,N
9351,N
9357,N
9364,C
9370,N
9372,N
9381,N
9387,N
9388,N
9406,N
9407,N
9415,N
9416,N
9420,N
9422,N
9427,N
9446,V
9451,N
9463,V
9464,N
9468,N
9473,N
9474,V
9476,N
9477,N
9478,N
9479,N
9485,N
9508,N
9510,N
9513,N
9523,N
9528,N
9529,N
9536,N
9540,C
9552,N
9554,N
9559,N
9563,N
9567,N
9568,N
9577,N
9581,N
9585,N
9586,N
9593,N
9597,N
9603,N
9607,V
9612,N
9618,N
9619,N
9621,N
9625,N
9632,N
9634,N
9644,N
9646,N
9649,N
9653,N
9655,N
9656,N
9670,N
9671,N
9673,N
9674,N
9688,N
9689,N
9691,N
9693,N
9698,N
9704,N
9715,N
9716,N
9720,N
9725,C
9730,C
9731,N
9732,N
9739,V
9740,N
9741,N
9743,N
9750,N
9755,V
9758,C
9767,N
9768,N
9774,N
9775,N
9776,N
9785,N
9792,N
9797,N
9800,V
9806,N
9808,N
9813,N
9822,N
9827,V
9830,N
9834,N
9838,N
9844,N
9847,N
9855,V
9857,N
9863,N
9865,N
9876,C
9877,N
9882,N
9884,N
9892,C
9898,N
9900,V
9905,N
9921,N
9925,N
9930,N
9931,N
9938,C
9951,N
9955,N
9959,N
9971,N
9973,N
9975,N
9976,V
9991,N
9996,N
10002,N
10005,N
10009,N
10015,V
10023,C
10026,N
10028,N
10033,N
10041,N
10042,N
10046,N
10052,N
10053,N
10054,N
10058,V
10068,N
10072,N
10077,N
10082,N
10099,N
10111,V
10118,N
10123,V
10130,N
10137,V
10140,N
10143,N
10146,N
10159,N
10161,N
10163,N
10164,N
10165,N
10168,N
10170,N
10171,N
10177,N
10185,V
10192,N
10193,N
10194,N
10198,N
10206,N
10207,V
10210,N
10213,N
10222,N
